book_id,title,author,genre,description
1001,The Hobbit,J.R.R. Tolkien,Fantasy,"Bilbo Baggins leaves his comfortable home to help a company of dwarves reclaim a stolen kingdom. The story combines imaginative worldbuilding with questions of courage, power, and belonging. Its influence can be seen in later fiction, screen adaptations, and ongoing literary discussion."
1002,The Lord of the Rings,J.R.R. Tolkien,Fantasy,"A fellowship carries a dangerous ring toward destruction while war spreads across Middle-earth. Its magical setting supports conflicts about loyalty, identity, and the cost of ambition. Readers continue to value it for its memorable characters, distinctive atmosphere, and enduring questions."
1003,Harry Potter and the Philosopher's Stone,J.K. Rowling,Fantasy,"An orphan discovers that he is a wizard and begins school in a hidden magical world. Adventure and myth are used to test friendship, responsibility, and moral choice. The work has remained visible through international readership, teaching, adaptation, and word-of-mouth recommendation."
1004,A Game of Thrones,George R.R. Martin,Fantasy,"Noble families compete for power while an ancient danger returns beyond a northern wall. The story combines imaginative worldbuilding with questions of courage, power, and belonging. It is frequently revisited for the emotional force of its story and the different interpretations it supports."
1005,A Wizard of Earthsea,Ursula K. Le Guin,Fantasy,"A gifted young mage must confront the shadow released by his own pride. Its magical setting supports conflicts about loyalty, identity, and the cost of ambition. Its voice and central conflicts have helped it reach readers well beyond its original time and place."
1006,The Name of the Wind,Patrick Rothfuss,Fantasy,"A legendary musician and magician recounts the difficult path that made him famous. Adventure and myth are used to test friendship, responsibility, and moral choice. The book remains widely recommended because its story works both as entertainment and as social reflection."
1007,American Gods,Neil Gaiman,Fantasy,"An ex-convict becomes entangled in a conflict between old deities and modern forms of worship. The story combines imaginative worldbuilding with questions of courage, power, and belonging. Its influence can be seen in later fiction, screen adaptations, and ongoing literary discussion."
1008,The Way of Kings,Brandon Sanderson,Fantasy,"Soldiers, rulers, and scholars face war and supernatural change on a storm-battered world. Its magical setting supports conflicts about loyalty, identity, and the cost of ambition. Readers continue to value it for its memorable characters, distinctive atmosphere, and enduring questions."
1009,"The Lion, the Witch and the Wardrobe",C.S. Lewis,Fantasy,"Four siblings enter a frozen realm and join a struggle against an evil queen. Adventure and myth are used to test friendship, responsibility, and moral choice. The work has remained visible through international readership, teaching, adaptation, and word-of-mouth recommendation."
1010,The Fifth Season,N.K. Jemisin,Fantasy,"A mother searches for her daughter as a continent fractures under catastrophic geological forces. The story combines imaginative worldbuilding with questions of courage, power, and belonging. It is frequently revisited for the emotional force of its story and the different interpretations it supports."
1011,The Priory of the Orange Tree,Samantha Shannon,Fantasy,"Women from rival cultures confront political division and the return of a destructive dragon. Its magical setting supports conflicts about loyalty, identity, and the cost of ambition. Its voice and central conflicts have helped it reach readers well beyond its original time and place."
1012,The Poppy War,R.F. Kuang,Fantasy,"A war orphan enters an elite military academy and discovers a terrifying shamanic power. Adventure and myth are used to test friendship, responsibility, and moral choice. The book remains widely recommended because its story works both as entertainment and as social reflection."
1013,The Bear and the Nightingale,Katherine Arden,Fantasy,"A girl in medieval Russia protects old spirits as fear and religious conflict threaten her village. The story combines imaginative worldbuilding with questions of courage, power, and belonging. Its influence can be seen in later fiction, screen adaptations, and ongoing literary discussion."
1014,The City of Brass,S.A. Chakraborty,Fantasy,"A Cairo con artist accidentally summons a warrior and enters a divided city of djinn. Its magical setting supports conflicts about loyalty, identity, and the cost of ambition. Readers continue to value it for its memorable characters, distinctive atmosphere, and enduring questions."
1015,Dune,Frank Herbert,Science Fiction,"A young heir enters a desert world where politics, prophecy, and control of a vital resource collide. The narrative connects large ideas about progress with personal choices and consequences. Its influence can be seen in later fiction, screen adaptations, and ongoing literary discussion."
1016,Foundation,Isaac Asimov,Science Fiction,"A mathematician develops a science of history and tries to shorten an approaching galactic dark age. The book uses speculation to examine technology, society, identity, and human survival. Readers continue to value it for its memorable characters, distinctive atmosphere, and enduring questions."
1017,The Left Hand of Darkness,Ursula K. Le Guin,Science Fiction,"An envoy struggles to understand a planet whose people do not have fixed genders. Its imagined future turns scientific change into ethical and political questions. The work has remained visible through international readership, teaching, adaptation, and word-of-mouth recommendation."
1018,The Three-Body Problem,Cixin Liu,Science Fiction,A secret from China's Cultural Revolution leads humanity toward contact with an alien civilization. The narrative connects large ideas about progress with personal choices and consequences. It is frequently revisited for the emotional force of its story and the different interpretations it supports.
1019,Neuromancer,William Gibson,Science Fiction,"A damaged hacker is hired for a dangerous mission in a world of cyberspace and corporate power. The book uses speculation to examine technology, society, identity, and human survival. Its voice and central conflicts have helped it reach readers well beyond its original time and place."
1020,Kindred,Octavia E. Butler,Science Fiction,A Black writer is repeatedly pulled from modern California into a slaveholding plantation. Its imagined future turns scientific change into ethical and political questions. The book remains widely recommended because its story works both as entertainment and as social reflection.
1021,The Martian,Andy Weir,Science Fiction,"An astronaut stranded on Mars uses science and humor to survive until rescue is possible. The narrative connects large ideas about progress with personal choices and consequences. Its influence can be seen in later fiction, screen adaptations, and ongoing literary discussion."
1022,Do Androids Dream of Electric Sheep?,Philip K. Dick,Science Fiction,"A bounty hunter tracks escaped androids while questioning the meaning of empathy and humanity. The book uses speculation to examine technology, society, identity, and human survival. Readers continue to value it for its memorable characters, distinctive atmosphere, and enduring questions."
1023,Solaris,Stanisław Lem,Science Fiction,"Scientists orbiting a mysterious planet confront physical manifestations of their memories and guilt. Its imagined future turns scientific change into ethical and political questions. The work has remained visible through international readership, teaching, adaptation, and word-of-mouth recommendation."
1024,Snow Crash,Neal Stephenson,Science Fiction,A hacker and courier investigates a digital virus spreading through a corporate-controlled future. The narrative connects large ideas about progress with personal choices and consequences. It is frequently revisited for the emotional force of its story and the different interpretations it supports.
1025,The Dispossessed,Ursula K. Le Guin,Science Fiction,"A physicist travels between rival societies and tests their competing ideas about freedom. The book uses speculation to examine technology, society, identity, and human survival. Its voice and central conflicts have helped it reach readers well beyond its original time and place."
1026,Children of Time,Adrian Tchaikovsky,Science Fiction,Human survivors search for a home while an uplifted spider civilization develops on a distant planet. Its imagined future turns scientific change into ethical and political questions. The book remains widely recommended because its story works both as entertainment and as social reflection.
1027,The Handmaid's Tale,Margaret Atwood,Science Fiction,"A woman forced into reproductive servitude narrates life under a patriarchal theocracy. The narrative connects large ideas about progress with personal choices and consequences. Its influence can be seen in later fiction, screen adaptations, and ongoing literary discussion."
1028,Fahrenheit 451,Ray Bradbury,Science Fiction,"A fireman who burns books begins to question a society built on censorship and distraction. The book uses speculation to examine technology, society, identity, and human survival. Readers continue to value it for its memorable characters, distinctive atmosphere, and enduring questions."
1029,Gone Girl,Gillian Flynn,Mystery Thriller,"A woman's disappearance turns her marriage into a public mystery shaped by lies and manipulation. The plot asks readers to reconsider motives as hidden connections emerge. Readers continue to value it for its memorable characters, distinctive atmosphere, and enduring questions."
1030,The Girl with the Dragon Tattoo,Stieg Larsson,Mystery Thriller,"A journalist and a hacker investigate a decades-old disappearance within a powerful Swedish family. Psychological tension and carefully placed clues drive the story toward its reveal. The work has remained visible through international readership, teaching, adaptation, and word-of-mouth recommendation."
1031,The Da Vinci Code,Dan Brown,Mystery Thriller,"A murder in the Louvre sends a professor and cryptologist through a trail of religious symbols. Suspense grows through secrets, unreliable information, and shifting interpretations of the evidence. It is frequently revisited for the emotional force of its story and the different interpretations it supports."
1032,The Silent Patient,Alex Michaelides,Mystery Thriller,A therapist becomes obsessed with learning why a famous painter stopped speaking after a murder. The plot asks readers to reconsider motives as hidden connections emerge. Its voice and central conflicts have helped it reach readers well beyond its original time and place.
1033,The Woman in White,Wilkie Collins,Mystery Thriller,A drawing teacher encounters a distressed woman and uncovers a conspiracy involving identity and inheritance. Psychological tension and carefully placed clues drive the story toward its reveal. The book remains widely recommended because its story works both as entertainment and as social reflection.
1034,The Talented Mr. Ripley,Patricia Highsmith,Mystery Thriller,"An ambitious young man enters a wealthy circle and uses deception to preserve his new life. Suspense grows through secrets, unreliable information, and shifting interpretations of the evidence. Its influence can be seen in later fiction, screen adaptations, and ongoing literary discussion."
1035,Big Little Lies,Liane Moriarty,Mystery Thriller,"Secrets among school parents build toward a death at a seemingly ordinary community event. The plot asks readers to reconsider motives as hidden connections emerge. Readers continue to value it for its memorable characters, distinctive atmosphere, and enduring questions."
1036,The Thursday Murder Club,Richard Osman,Mystery Thriller,"Four retirement-home friends investigate a real killing after years of studying cold cases. Psychological tension and carefully placed clues drive the story toward its reveal. The work has remained visible through international readership, teaching, adaptation, and word-of-mouth recommendation."
1037,Before I Go to Sleep,S.J. Watson,Mystery Thriller,"A woman who loses her memory each night begins doubting the person who explains her past. Suspense grows through secrets, unreliable information, and shifting interpretations of the evidence. It is frequently revisited for the emotional force of its story and the different interpretations it supports."
1038,The Devotion of Suspect X,Keigo Higashino,Mystery Thriller,A brilliant mathematician constructs an alibi while a physicist helps police test the perfect crime. The plot asks readers to reconsider motives as hidden connections emerge. Its voice and central conflicts have helped it reach readers well beyond its original time and place.
1039,The Shadow of the Wind,Carlos Ruiz Zafón,Mystery Thriller,A boy who treasures a forgotten novel investigates why someone is destroying the author's books. Psychological tension and carefully placed clues drive the story toward its reveal. The book remains widely recommended because its story works both as entertainment and as social reflection.
1040,Shutter Island,Dennis Lehane,Mystery Thriller,"A marshal investigating a disappearance at an isolated hospital begins questioning his mission and memory. Suspense grows through secrets, unreliable information, and shifting interpretations of the evidence. Its influence can be seen in later fiction, screen adaptations, and ongoing literary discussion."
1041,The Name of the Rose,Umberto Eco,Mystery Thriller,"A medieval friar investigates deaths in an abbey filled with theological disputes and hidden texts. The plot asks readers to reconsider motives as hidden connections emerge. Readers continue to value it for its memorable characters, distinctive atmosphere, and enduring questions."
1042,In the Woods,Tana French,Mystery Thriller,"A detective investigates a child's murder near the place where his own friends vanished years earlier. Psychological tension and carefully placed clues drive the story toward its reveal. The work has remained visible through international readership, teaching, adaptation, and word-of-mouth recommendation."
1043,Murder on the Orient Express,Agatha Christie,Crime Detective,"Hercule Poirot questions passengers after a man is killed aboard a snowbound luxury train. The investigation develops through evidence, interviews, deduction, and competing motives. Its voice and central conflicts have helped it reach readers well beyond its original time and place."
1044,The Hound of the Baskervilles,Arthur Conan Doyle,Crime Detective,Sherlock Holmes investigates a family curse and a terrifying creature on the English moors. The case exposes both an individual crime and the society surrounding it. The book remains widely recommended because its story works both as entertainment and as social reflection.
1045,The Big Sleep,Raymond Chandler,Crime Detective,"Private detective Philip Marlowe enters a wealthy family's web of blackmail, disappearance, and murder. Clues and character judgments test the investigator's method and sense of justice. Its influence can be seen in later fiction, screen adaptations, and ongoing literary discussion."
1046,The Maltese Falcon,Dashiell Hammett,Crime Detective,"Detective Sam Spade pursues a valuable statue while navigating betrayal and competing criminals. The investigation develops through evidence, interviews, deduction, and competing motives. Readers continue to value it for its memorable characters, distinctive atmosphere, and enduring questions."
1047,The No. 1 Ladies' Detective Agency,Alexander McCall Smith,Crime Detective,"Precious Ramotswe opens Botswana's first female-run detective agency and solves local problems. The case exposes both an individual crime and the society surrounding it. The work has remained visible through international readership, teaching, adaptation, and word-of-mouth recommendation."
1048,Devil in a Blue Dress,Walter Mosley,Crime Detective,Easy Rawlins searches postwar Los Angeles for a missing woman and discovers a dangerous secret. Clues and character judgments test the investigator's method and sense of justice. It is frequently revisited for the emotional force of its story and the different interpretations it supports.
1049,The Snowman,Jo Nesbø,Crime Detective,"Detective Harry Hole hunts a serial killer connected to missing women and ominous snowmen. The investigation develops through evidence, interviews, deduction, and competing motives. Its voice and central conflicts have helped it reach readers well beyond its original time and place."
1050,The Dry,Jane Harper,Crime Detective,A federal agent returns to his drought-stricken hometown and reopens questions about an apparent family murder. The case exposes both an individual crime and the society surrounding it. The book remains widely recommended because its story works both as entertainment and as social reflection.
1051,IQ,Joe Ide,Crime Detective,"A brilliant neighborhood investigator in East Long Beach takes a case involving a threatened rapper. Clues and character judgments test the investigator's method and sense of justice. Its influence can be seen in later fiction, screen adaptations, and ongoing literary discussion."
1052,The Cuckoo's Calling,Robert Galbraith,Crime Detective,"Private investigator Cormoran Strike examines the suspicious death of a famous model. The investigation develops through evidence, interviews, deduction, and competing motives. Readers continue to value it for its memorable characters, distinctive atmosphere, and enduring questions."
1053,Faceless Killers,Henning Mankell,Crime Detective,"Inspector Kurt Wallander investigates the brutal murder of an elderly couple in rural Sweden. The case exposes both an individual crime and the society surrounding it. The work has remained visible through international readership, teaching, adaptation, and word-of-mouth recommendation."
1054,The Postman Always Rings Twice,James M. Cain,Crime Detective,A drifter and a married woman plan a murder whose consequences keep closing around them. Clues and character judgments test the investigator's method and sense of justice. It is frequently revisited for the emotional force of its story and the different interpretations it supports.
1055,The Murder of Roger Ackroyd,Agatha Christie,Crime Detective,"Poirot investigates a village killing in a case famous for challenging detective-story expectations. The investigation develops through evidence, interviews, deduction, and competing motives. Its voice and central conflicts have helped it reach readers well beyond its original time and place."
1056,Along Came a Spider,James Patterson,Crime Detective,Forensic psychologist Alex Cross pursues a kidnapper seeking fame through an elaborate crime. The case exposes both an individual crime and the society surrounding it. The book remains widely recommended because its story works both as entertainment and as social reflection.
1057,Pride and Prejudice,Jane Austen,Romance,"Elizabeth Bennet and Mr. Darcy overcome pride, misunderstanding, and family pressure. Love is shaped by personality, timing, family expectations, and personal growth. The work has remained visible through international readership, teaching, adaptation, and word-of-mouth recommendation."
1058,Jane Eyre,Charlotte Brontë,Romance,"An independent governess falls for her employer while guarding her dignity and confronting his secret. The relationship develops through attraction, vulnerability, social pressure, and difficult choices. It is frequently revisited for the emotional force of its story and the different interpretations it supports."
1059,Love in the Time of Cholera,Gabriel García Márquez,Romance,"A devoted man waits decades for another chance with the woman he has always loved. The book examines intimacy, communication, and the risks people take for connection. Its voice and central conflicts have helped it reach readers well beyond its original time and place."
1060,The Notebook,Nicholas Sparks,Romance,"An elderly man reads the story of a young couple separated by class and circumstance. Love is shaped by personality, timing, family expectations, and personal growth. The book remains widely recommended because its story works both as entertainment and as social reflection."
1061,Me Before You,Jojo Moyes,Romance,"A cheerful caregiver and a wealthy disabled man change each other's views of life and choice. The relationship develops through attraction, vulnerability, social pressure, and difficult choices. Its influence can be seen in later fiction, screen adaptations, and ongoing literary discussion."
1062,The Time Traveler's Wife,Audrey Niffenegger,Romance,"A couple builds a marriage around uncontrollable journeys through time. The book examines intimacy, communication, and the risks people take for connection. Readers continue to value it for its memorable characters, distinctive atmosphere, and enduring questions."
1063,"Red, White & Royal Blue",Casey McQuiston,Romance,"The son of a U.S. president falls in love with a British prince under intense public scrutiny. Love is shaped by personality, timing, family expectations, and personal growth. The work has remained visible through international readership, teaching, adaptation, and word-of-mouth recommendation."
1064,The Kiss Quotient,Helen Hoang,Romance,"An autistic economist hires a patient escort to help her become comfortable with intimacy. The relationship develops through attraction, vulnerability, social pressure, and difficult choices. It is frequently revisited for the emotional force of its story and the different interpretations it supports."
1065,Call Me by Your Name,André Aciman,Romance,"A teenager experiences an intense summer romance with a visiting scholar in Italy. The book examines intimacy, communication, and the risks people take for connection. Its voice and central conflicts have helped it reach readers well beyond its original time and place."
1066,The Hating Game,Sally Thorne,Romance,"Two competitive coworkers discover attraction beneath their daily office rivalry. Love is shaped by personality, timing, family expectations, and personal growth. The book remains widely recommended because its story works both as entertainment and as social reflection."
1067,The Rosie Project,Graeme Simsion,Romance,"A genetics professor creates a logical plan to find a wife and meets someone who disrupts it. The relationship develops through attraction, vulnerability, social pressure, and difficult choices. Its influence can be seen in later fiction, screen adaptations, and ongoing literary discussion."
1068,The Bridges of Madison County,Robert James Waller,Romance,"A photographer and an Iowa homemaker share a brief relationship that reshapes their lives. The book examines intimacy, communication, and the risks people take for connection. Readers continue to value it for its memorable characters, distinctive atmosphere, and enduring questions."
1069,The Thorn Birds,Colleen McCullough,Romance,"A family saga follows a forbidden love across decades in the Australian outback. Love is shaped by personality, timing, family expectations, and personal growth. The work has remained visible through international readership, teaching, adaptation, and word-of-mouth recommendation."
1070,The Seven Husbands of Evelyn Hugo,Taylor Jenkins Reid,Romance,"An aging film star reveals the loves, ambitions, and compromises behind her public image. The relationship develops through attraction, vulnerability, social pressure, and difficult choices. It is frequently revisited for the emotional force of its story and the different interpretations it supports."
1071,The Kite Runner,Khaled Hosseini,Contemporary Fiction,"An Afghan man returns to the consequences of a childhood betrayal and searches for redemption. Personal relationships reveal wider tensions involving culture, class, and social change. It is frequently revisited for the emotional force of its story and the different interpretations it supports."
1072,A Thousand Splendid Suns,Khaled Hosseini,Contemporary Fiction,Two Afghan women form a powerful bond while surviving war and an abusive household. Ordinary choices carry lasting consequences for people trying to define a meaningful life. Its voice and central conflicts have helped it reach readers well beyond its original time and place.
1073,Life of Pi,Yann Martel,Contemporary Fiction,"A teenager survives at sea with a Bengal tiger and later offers competing versions of his ordeal. The story explores family, identity, belonging, and the pressures of modern life. The book remains widely recommended because its story works both as entertainment and as social reflection."
1074,The Curious Incident of the Dog in the Night-Time,Mark Haddon,Contemporary Fiction,"A mathematically gifted teenager investigates a dog's death and uncovers a family secret. Personal relationships reveal wider tensions involving culture, class, and social change. Its influence can be seen in later fiction, screen adaptations, and ongoing literary discussion."
1075,Little Fires Everywhere,Celeste Ng,Contemporary Fiction,"Two families in a planned Ohio community collide over identity, motherhood, and belonging. Ordinary choices carry lasting consequences for people trying to define a meaningful life. Readers continue to value it for its memorable characters, distinctive atmosphere, and enduring questions."
1076,Where the Crawdads Sing,Delia Owens,Contemporary Fiction,"A young woman raised alone in coastal marshes becomes the focus of a murder investigation. The story explores family, identity, belonging, and the pressures of modern life. The work has remained visible through international readership, teaching, adaptation, and word-of-mouth recommendation."
1077,An American Marriage,Tayari Jones,Contemporary Fiction,"A wrongful conviction tests a newly married couple and the people connected to them. Personal relationships reveal wider tensions involving culture, class, and social change. It is frequently revisited for the emotional force of its story and the different interpretations it supports."
1078,The Vanishing Half,Brit Bennett,Contemporary Fiction,Twin sisters choose different racial identities and create consequences across two generations. Ordinary choices carry lasting consequences for people trying to define a meaningful life. Its voice and central conflicts have helped it reach readers well beyond its original time and place.
1079,A Man Called Ove,Fredrik Backman,Contemporary Fiction,"A grieving and rigid widower is gradually drawn into the lives of his persistent neighbors. The story explores family, identity, belonging, and the pressures of modern life. The book remains widely recommended because its story works both as entertainment and as social reflection."
1080,The Midnight Library,Matt Haig,Contemporary Fiction,"A woman between life and death explores alternate versions of the choices she might have made. Personal relationships reveal wider tensions involving culture, class, and social change. Its influence can be seen in later fiction, screen adaptations, and ongoing literary discussion."
1081,The White Tiger,Aravind Adiga,Contemporary Fiction,"An Indian driver narrates his rise from village poverty through ambition, observation, and crime. Ordinary choices carry lasting consequences for people trying to define a meaningful life. Readers continue to value it for its memorable characters, distinctive atmosphere, and enduring questions."
1082,Exit West,Mohsin Hamid,Contemporary Fiction,"Two lovers flee a city at war through mysterious doors that transport refugees across borders. The story explores family, identity, belonging, and the pressures of modern life. The work has remained visible through international readership, teaching, adaptation, and word-of-mouth recommendation."
1083,The Namesake,Jhumpa Lahiri,Contemporary Fiction,"A Bengali American man struggles with his unusual name, family history, and changing identity. Personal relationships reveal wider tensions involving culture, class, and social change. It is frequently revisited for the emotional force of its story and the different interpretations it supports."
1084,Convenience Store Woman,Sayaka Murata,Contemporary Fiction,A Tokyo store worker resists social pressure to abandon the life that makes sense to her. Ordinary choices carry lasting consequences for people trying to define a meaningful life. Its voice and central conflicts have helped it reach readers well beyond its original time and place.
1085,Beloved,Toni Morrison,Literary Fiction,"A formerly enslaved woman and her family are haunted by a child lost under unbearable circumstances. The novel emphasizes character, language, memory, and moral ambiguity. It is frequently revisited for the emotional force of its story and the different interpretations it supports."
1086,The Great Gatsby,F. Scott Fitzgerald,Literary Fiction,"A mysterious millionaire pursues an old love amid wealth and illusion on Long Island. Its intimate conflicts open into broader questions about history, identity, and responsibility. Its voice and central conflicts have helped it reach readers well beyond its original time and place."
1087,To Kill a Mockingbird,Harper Lee,Literary Fiction,"A child observes racism and moral courage as her father defends a falsely accused Black man. The narrative rewards attention to voice, symbolism, and what remains unspoken. The book remains widely recommended because its story works both as entertainment and as social reflection."
1088,One Hundred Years of Solitude,Gabriel García Márquez,Literary Fiction,"Generations of the Buendía family repeat patterns of love, ambition, and loss in Macondo. The novel emphasizes character, language, memory, and moral ambiguity. Its influence can be seen in later fiction, screen adaptations, and ongoing literary discussion."
1089,The God of Small Things,Arundhati Roy,Literary Fiction,"Twins in Kerala confront the lasting damage of family secrets, caste, and forbidden love. Its intimate conflicts open into broader questions about history, identity, and responsibility. Readers continue to value it for its memorable characters, distinctive atmosphere, and enduring questions."
1090,Never Let Me Go,Kazuo Ishiguro,Literary Fiction,"Friends raised at an unusual English school slowly understand the purpose chosen for their lives. The narrative rewards attention to voice, symbolism, and what remains unspoken. The work has remained visible through international readership, teaching, adaptation, and word-of-mouth recommendation."
1091,The Road,Cormac McCarthy,Literary Fiction,"A father and son travel through a devastated landscape while trying to preserve their humanity. The novel emphasizes character, language, memory, and moral ambiguity. It is frequently revisited for the emotional force of its story and the different interpretations it supports."
1092,The Remains of the Day,Kazuo Ishiguro,Literary Fiction,"An English butler looks back on a life shaped by duty, repression, and misplaced loyalty. Its intimate conflicts open into broader questions about history, identity, and responsibility. Its voice and central conflicts have helped it reach readers well beyond its original time and place."
1093,The Color Purple,Alice Walker,Literary Fiction,"A Black woman in the American South finds voice and independence through letters and relationships. The narrative rewards attention to voice, symbolism, and what remains unspoken. The book remains widely recommended because its story works both as entertainment and as social reflection."
1094,The Vegetarian,Han Kang,Literary Fiction,"A woman's decision to stop eating meat disrupts her family and exposes their desire to control her. The novel emphasizes character, language, memory, and moral ambiguity. Its influence can be seen in later fiction, screen adaptations, and ongoing literary discussion."
1095,Disgrace,J.M. Coetzee,Literary Fiction,"A disgraced professor retreats to rural South Africa and confronts violence, shame, and social change. Its intimate conflicts open into broader questions about history, identity, and responsibility. Readers continue to value it for its memorable characters, distinctive atmosphere, and enduring questions."
1096,The Stranger,Albert Camus,Literary Fiction,"An emotionally detached man faces judgment after committing an apparently senseless killing. The narrative rewards attention to voice, symbolism, and what remains unspoken. The work has remained visible through international readership, teaching, adaptation, and word-of-mouth recommendation."
1097,Season of Migration to the North,Tayeb Salih,Literary Fiction,"A Sudanese narrator encounters a charismatic stranger whose past links Europe and colonial violence. The novel emphasizes character, language, memory, and moral ambiguity. It is frequently revisited for the emotional force of its story and the different interpretations it supports."
1098,My Name Is Red,Orhan Pamuk,Literary Fiction,"Artists in Ottoman Istanbul confront murder, love, and conflict over changing styles of representation. Its intimate conflicts open into broader questions about history, identity, and responsibility. Its voice and central conflicts have helped it reach readers well beyond its original time and place."
1099,All Quiet on the Western Front,Erich Maria Remarque,Historical Fiction,A young German soldier experiences the physical and emotional destruction of World War I. Historical detail gives personal relationships greater political and cultural weight. It is frequently revisited for the emotional force of its story and the different interpretations it supports.
1100,Wolf Hall,Hilary Mantel,Historical Fiction,Thomas Cromwell rises through Tudor politics as Henry VIII seeks to end his marriage. Documented history and imagined lives combine to show how public events affect private choices. Its voice and central conflicts have helped it reach readers well beyond its original time and place.
1101,Memoirs of a Geisha,Arthur Golden,Historical Fiction,"A girl sold into a Kyoto geisha house recounts her training, rivalry, and survival. The period setting shapes conflicts involving survival, loyalty, class, and power. The book remains widely recommended because its story works both as entertainment and as social reflection."
1102,The Pillars of the Earth,Ken Follett,Historical Fiction,"The building of a cathedral binds together clergy, builders, and nobles in medieval England. Historical detail gives personal relationships greater political and cultural weight. Its influence can be seen in later fiction, screen adaptations, and ongoing literary discussion."
1103,The Nightingale,Kristin Hannah,Historical Fiction,"Two French sisters resist Nazi occupation in different ways during World War II. Documented history and imagined lives combine to show how public events affect private choices. Readers continue to value it for its memorable characters, distinctive atmosphere, and enduring questions."
1104,The Tattooist of Auschwitz,Heather Morris,Historical Fiction,"A Slovakian prisoner tattoos identification numbers at Auschwitz and forms a relationship with another prisoner. The period setting shapes conflicts involving survival, loyalty, class, and power. The work has remained visible through international readership, teaching, adaptation, and word-of-mouth recommendation."
1105,The English Patient,Michael Ondaatje,Historical Fiction,Four damaged people gather in an Italian villa near the end of World War II. Historical detail gives personal relationships greater political and cultural weight. It is frequently revisited for the emotional force of its story and the different interpretations it supports.
1106,The Other Boleyn Girl,Philippa Gregory,Historical Fiction,Mary Boleyn competes for attention and survival within the court of Henry VIII. Documented history and imagined lives combine to show how public events affect private choices. Its voice and central conflicts have helped it reach readers well beyond its original time and place.
1107,The Miniaturist,Jessie Burton,Historical Fiction,"A young bride in seventeenth-century Amsterdam receives a miniature house that seems to reveal secrets. The period setting shapes conflicts involving survival, loyalty, class, and power. The book remains widely recommended because its story works both as entertainment and as social reflection."
1108,The Sympathizer,Viet Thanh Nguyen,Historical Fiction,"A communist spy embedded in the South Vietnamese army reflects on exile and divided loyalty. Historical detail gives personal relationships greater political and cultural weight. Its influence can be seen in later fiction, screen adaptations, and ongoing literary discussion."
1109,Half of a Yellow Sun,Chimamanda Ngozi Adichie,Historical Fiction,"Several lives are transformed by love, politics, and the Nigerian-Biafran War. Documented history and imagined lives combine to show how public events affect private choices. Readers continue to value it for its memorable characters, distinctive atmosphere, and enduring questions."
1110,The Island of Missing Trees,Elif Shafak,Historical Fiction,"A family story connects divided Cyprus, migration, memory, and a watchful fig tree. The period setting shapes conflicts involving survival, loyalty, class, and power. The work has remained visible through international readership, teaching, adaptation, and word-of-mouth recommendation."
1111,The Red Tent,Anita Diamant,Historical Fiction,The biblical figure Dinah narrates women's lives and traditions largely absent from the original account. Historical detail gives personal relationships greater political and cultural weight. It is frequently revisited for the emotional force of its story and the different interpretations it supports.
1112,Shōgun,James Clavell,Historical Fiction,An English pilot enters the dangerous politics of feudal Japan at the start of the seventeenth century. Documented history and imagined lives combine to show how public events affect private choices. Its voice and central conflicts have helped it reach readers well beyond its original time and place.
1113,Don Quixote,Miguel de Cervantes,World Classics,An aging reader of chivalric tales becomes a wandering knight and mistakes imagination for reality. Its characters and ideas continue to invite new interpretations across cultures and generations. It is frequently revisited for the emotional force of its story and the different interpretations it supports.
1114,War and Peace,Leo Tolstoy,World Classics,"Russian families face love, loss, and national upheaval during the Napoleonic wars. The story offers a lasting view of the society that produced it while addressing universal questions. Its voice and central conflicts have helped it reach readers well beyond its original time and place."
1115,Anna Karenina,Leo Tolstoy,World Classics,"A married aristocrat pursues love outside social rules while another couple seeks a quieter life. The work examines enduring conflicts involving love, power, society, duty, and human weakness. The book remains widely recommended because its story works both as entertainment and as social reflection."
1116,Crime and Punishment,Fyodor Dostoevsky,World Classics,"A poor student commits murder and struggles with guilt, pride, and the possibility of redemption. Its characters and ideas continue to invite new interpretations across cultures and generations. Its influence can be seen in later fiction, screen adaptations, and ongoing literary discussion."
1117,The Brothers Karamazov,Fyodor Dostoevsky,World Classics,"Brothers divided by belief and temperament become entangled in their father's murder. The story offers a lasting view of the society that produced it while addressing universal questions. Readers continue to value it for its memorable characters, distinctive atmosphere, and enduring questions."
1118,Les Misérables,Victor Hugo,World Classics,"An ex-prisoner seeks a moral life while revolution, poverty, and relentless law shape nineteenth-century France. The work examines enduring conflicts involving love, power, society, duty, and human weakness. The work has remained visible through international readership, teaching, adaptation, and word-of-mouth recommendation."
1119,Madame Bovary,Gustave Flaubert,World Classics,A doctor's wife pursues romance and luxury beyond the limits of provincial life. Its characters and ideas continue to invite new interpretations across cultures and generations. It is frequently revisited for the emotional force of its story and the different interpretations it supports.
1120,The Count of Monte Cristo,Alexandre Dumas,World Classics,"A falsely imprisoned sailor escapes, gains wealth, and carefully pursues revenge. The story offers a lasting view of the society that produced it while addressing universal questions. Its voice and central conflicts have helped it reach readers well beyond its original time and place."
1121,The Tale of Genji,Murasaki Shikibu,World Classics,"A court noble's relationships reveal the beauty, hierarchy, and impermanence of Heian Japan. The work examines enduring conflicts involving love, power, society, duty, and human weakness. The book remains widely recommended because its story works both as entertainment and as social reflection."
1122,Things Fall Apart,Chinua Achebe,World Classics,"An Igbo leader confronts personal tragedy and the arrival of British colonial rule. Its characters and ideas continue to invite new interpretations across cultures and generations. Its influence can be seen in later fiction, screen adaptations, and ongoing literary discussion."
1123,The Master and Margarita,Mikhail Bulgakov,World Classics,"The devil visits Soviet Moscow while a parallel story revisits Pontius Pilate. The story offers a lasting view of the society that produced it while addressing universal questions. Readers continue to value it for its memorable characters, distinctive atmosphere, and enduring questions."
1124,The Trial,Franz Kafka,World Classics,"A bank clerk is arrested without explanation and trapped in an impossible legal system. The work examines enduring conflicts involving love, power, society, duty, and human weakness. The work has remained visible through international readership, teaching, adaptation, and word-of-mouth recommendation."
1125,The Odyssey,Homer,World Classics,A Greek king struggles for years to return home after the Trojan War. Its characters and ideas continue to invite new interpretations across cultures and generations. It is frequently revisited for the emotional force of its story and the different interpretations it supports.
1126,Dream of the Red Chamber,Cao Xueqin,World Classics,"The decline of a wealthy Chinese family unfolds through love, household life, and social change. The story offers a lasting view of the society that produced it while addressing universal questions. Its voice and central conflicts have helped it reach readers well beyond its original time and place."
1127,Dracula,Bram Stoker,Horror Gothic,"A group of friends fights a Transylvanian count who brings predatory evil to England. Fear develops through isolation, uncertainty, transgression, and the return of buried secrets. Its influence can be seen in later fiction, screen adaptations, and ongoing literary discussion."
1128,Frankenstein,Mary Shelley,Horror Gothic,"A scientist creates life and abandons the intelligent being who then demands recognition. The supernatural or uncanny elements expose anxieties about identity, family, and control. Readers continue to value it for its memorable characters, distinctive atmosphere, and enduring questions."
1129,The Shining,Stephen King,Horror Gothic,"A family's isolated winter in a hotel awakens supernatural forces and a father's violence. Atmosphere and psychological pressure matter as much as the visible source of danger. The work has remained visible through international readership, teaching, adaptation, and word-of-mouth recommendation."
1130,It,Stephen King,Horror Gothic,"Friends confront a shape-shifting evil that returns to their Maine town across generations. Fear develops through isolation, uncertainty, transgression, and the return of buried secrets. It is frequently revisited for the emotional force of its story and the different interpretations it supports."
1131,The Haunting of Hill House,Shirley Jackson,Horror Gothic,"Investigators stay in a disturbing mansion whose influence is especially powerful over one guest. The supernatural or uncanny elements expose anxieties about identity, family, and control. Its voice and central conflicts have helped it reach readers well beyond its original time and place."
1132,Rebecca,Daphne du Maurier,Horror Gothic,A young bride enters an estate dominated by the memory of her husband's first wife. Atmosphere and psychological pressure matter as much as the visible source of danger. The book remains widely recommended because its story works both as entertainment and as social reflection.
1133,The Exorcist,William Peter Blatty,Horror Gothic,"A mother seeks religious help when her daughter appears to be possessed. Fear develops through isolation, uncertainty, transgression, and the return of buried secrets. Its influence can be seen in later fiction, screen adaptations, and ongoing literary discussion."
1134,The Turn of the Screw,Henry James,Horror Gothic,"A governess believes two children in her care are threatened by ghosts. The supernatural or uncanny elements expose anxieties about identity, family, and control. Readers continue to value it for its memorable characters, distinctive atmosphere, and enduring questions."
1135,The Picture of Dorian Gray,Oscar Wilde,Horror Gothic,"A beautiful young man remains unchanged while his portrait records his corruption. Atmosphere and psychological pressure matter as much as the visible source of danger. The work has remained visible through international readership, teaching, adaptation, and word-of-mouth recommendation."
1136,Mexican Gothic,Silvia Moreno-Garcia,Horror Gothic,"A young woman visits a remote mansion and uncovers family secrets rooted in exploitation. Fear develops through isolation, uncertainty, transgression, and the return of buried secrets. It is frequently revisited for the emotional force of its story and the different interpretations it supports."
1137,Ring,Koji Suzuki,Horror Gothic,"A journalist investigates a cursed videotape said to kill viewers after seven days. The supernatural or uncanny elements expose anxieties about identity, family, and control. Its voice and central conflicts have helped it reach readers well beyond its original time and place."
1138,The Woman in Black,Susan Hill,Horror Gothic,A solicitor visiting an isolated house encounters a ghost linked to local tragedy. Atmosphere and psychological pressure matter as much as the visible source of danger. The book remains widely recommended because its story works both as entertainment and as social reflection.
1139,Interview with the Vampire,Anne Rice,Horror Gothic,"A vampire recounts centuries of desire, guilt, companionship, and violence. Fear develops through isolation, uncertainty, transgression, and the return of buried secrets. Its influence can be seen in later fiction, screen adaptations, and ongoing literary discussion."
1140,The Only Good Indians,Stephen Graham Jones,Horror Gothic,"Four Native American men are pursued by the consequences of a forbidden hunt. The supernatural or uncanny elements expose anxieties about identity, family, and control. Readers continue to value it for its memorable characters, distinctive atmosphere, and enduring questions."
1141,The Hunger Games,Suzanne Collins,Young Adult,A teenager is forced into a televised fight to the death and becomes a symbol of resistance. Emotional honesty and fast-moving conflict make its questions accessible to younger and adult readers. Its voice and central conflicts have helped it reach readers well beyond its original time and place.
1142,The Hate U Give,Angie Thomas,Young Adult,"A Black teenager witnesses a police shooting and decides whether to speak publicly. The story centers on identity, friendship, injustice, and the difficult movement toward independence. The book remains widely recommended because its story works both as entertainment and as social reflection."
1143,The Perks of Being a Wallflower,Stephen Chbosky,Young Adult,"A shy teenager writes letters while navigating friendship, trauma, and first experiences. Young characters face choices that challenge family expectations and their understanding of themselves. Its influence can be seen in later fiction, screen adaptations, and ongoing literary discussion."
1144,The Giver,Lois Lowry,Young Adult,"A boy in a controlled community receives memories that reveal the cost of social sameness. Emotional honesty and fast-moving conflict make its questions accessible to younger and adult readers. Readers continue to value it for its memorable characters, distinctive atmosphere, and enduring questions."
1145,Eleanor & Park,Rainbow Rowell,Young Adult,"Two isolated teenagers form a relationship during one difficult school year. The story centers on identity, friendship, injustice, and the difficult movement toward independence. The work has remained visible through international readership, teaching, adaptation, and word-of-mouth recommendation."
1146,Aristotle and Dante Discover the Secrets of the Universe,Benjamin Alire Sáenz,Young Adult,Two Mexican American boys build a friendship that changes how they understand themselves. Young characters face choices that challenge family expectations and their understanding of themselves. It is frequently revisited for the emotional force of its story and the different interpretations it supports.
1147,The Outsiders,S.E. Hinton,Young Adult,A working-class teenager confronts violence and loyalty across a bitter social divide. Emotional honesty and fast-moving conflict make its questions accessible to younger and adult readers. Its voice and central conflicts have helped it reach readers well beyond its original time and place.
1148,Six of Crows,Leigh Bardugo,Young Adult,"A young criminal mastermind assembles an unusual crew for an impossible heist. The story centers on identity, friendship, injustice, and the difficult movement toward independence. The book remains widely recommended because its story works both as entertainment and as social reflection."
1149,Children of Blood and Bone,Tomi Adeyemi,Young Adult,"A young woman fights to restore magic to a kingdom that persecutes her people. Young characters face choices that challenge family expectations and their understanding of themselves. Its influence can be seen in later fiction, screen adaptations, and ongoing literary discussion."
1150,The Sun Is Also a Star,Nicola Yoon,Young Adult,"Two teenagers meet in New York on the day one family faces deportation. Emotional honesty and fast-moving conflict make its questions accessible to younger and adult readers. Readers continue to value it for its memorable characters, distinctive atmosphere, and enduring questions."
1151,The Absolutely True Diary of a Part-Time Indian,Sherman Alexie,Young Adult,"A Native teenager leaves his reservation school and struggles between two communities. The story centers on identity, friendship, injustice, and the difficult movement toward independence. The work has remained visible through international readership, teaching, adaptation, and word-of-mouth recommendation."
1152,Looking for Alaska,John Green,Young Adult,A student at boarding school becomes fascinated by a charismatic classmate and faces sudden loss. Young characters face choices that challenge family expectations and their understanding of themselves. It is frequently revisited for the emotional force of its story and the different interpretations it supports.
1153,A Good Girl's Guide to Murder,Holly Jackson,Young Adult,A student reexamines a closed murder case and finds evidence that the accepted story is wrong. Emotional honesty and fast-moving conflict make its questions accessible to younger and adult readers. Its voice and central conflicts have helped it reach readers well beyond its original time and place.
1154,Speak,Laurie Halse Anderson,Young Adult,"A traumatized teenager becomes isolated at school and slowly finds a way to tell the truth. The story centers on identity, friendship, injustice, and the difficult movement toward independence. The book remains widely recommended because its story works both as entertainment and as social reflection."
1155,Charlotte's Web,E.B. White,Children,"A clever spider writes messages to save a beloved pig from slaughter. Memorable characters help younger readers explore emotions, choices, and the wider world. It is frequently revisited for the emotional force of its story and the different interpretations it supports."
1156,Matilda,Roald Dahl,Children,A brilliant neglected child discovers unusual powers and challenges cruel adults. Playful language or pictures support a simple story with ideas that remain meaningful to adults. Its voice and central conflicts have helped it reach readers well beyond its original time and place.
1157,Charlie and the Chocolate Factory,Roald Dahl,Children,"A poor boy wins a tour of an extraordinary and dangerous chocolate factory. The story introduces courage, friendship, imagination, and consequences in an accessible form. The book remains widely recommended because its story works both as entertainment and as social reflection."
1158,Alice's Adventures in Wonderland,Lewis Carroll,Children,"A curious girl follows a rabbit into a world governed by strange logic. Memorable characters help younger readers explore emotions, choices, and the wider world. Its influence can be seen in later fiction, screen adaptations, and ongoing literary discussion."
1159,The Little Prince,Antoine de Saint-Exupéry,Children,"A pilot meets a young traveler whose stories reveal lessons about love and responsibility. Playful language or pictures support a simple story with ideas that remain meaningful to adults. Readers continue to value it for its memorable characters, distinctive atmosphere, and enduring questions."
1160,The Secret Garden,Frances Hodgson Burnett,Children,"A lonely orphan discovers a hidden garden and helps restore a household's hope. The story introduces courage, friendship, imagination, and consequences in an accessible form. The work has remained visible through international readership, teaching, adaptation, and word-of-mouth recommendation."
1161,Winnie-the-Pooh,A.A. Milne,Children,"A gentle bear and his friends share small adventures in the Hundred Acre Wood. Memorable characters help younger readers explore emotions, choices, and the wider world. It is frequently revisited for the emotional force of its story and the different interpretations it supports."
1162,Peter Pan,J.M. Barrie,Children,Children fly to Neverland with a boy who refuses to grow up. Playful language or pictures support a simple story with ideas that remain meaningful to adults. Its voice and central conflicts have helped it reach readers well beyond its original time and place.
1163,The Wonderful Wizard of Oz,L. Frank Baum,Children,"A girl travels through a magical land with companions seeking courage, heart, and wisdom. The story introduces courage, friendship, imagination, and consequences in an accessible form. The book remains widely recommended because its story works both as entertainment and as social reflection."
1164,Pippi Longstocking,Astrid Lindgren,Children,"An extraordinarily strong and independent girl disrupts ordinary life with imagination and confidence. Memorable characters help younger readers explore emotions, choices, and the wider world. Its influence can be seen in later fiction, screen adaptations, and ongoing literary discussion."
1165,The Gruffalo,Julia Donaldson,Children,"A quick-thinking mouse invents a monster and then meets the creature for real. Playful language or pictures support a simple story with ideas that remain meaningful to adults. Readers continue to value it for its memorable characters, distinctive atmosphere, and enduring questions."
1166,Where the Wild Things Are,Maurice Sendak,Children,"An angry child sails to an island of monsters and learns what home means. The story introduces courage, friendship, imagination, and consequences in an accessible form. The work has remained visible through international readership, teaching, adaptation, and word-of-mouth recommendation."
1167,The Very Hungry Caterpillar,Eric Carle,Children,"A caterpillar eats through many foods before transforming into a butterfly. Memorable characters help younger readers explore emotions, choices, and the wider world. It is frequently revisited for the emotional force of its story and the different interpretations it supports."
1168,The Tale of Peter Rabbit,Beatrix Potter,Children,A disobedient young rabbit enters a farmer's garden and narrowly escapes danger. Playful language or pictures support a simple story with ideas that remain meaningful to adults. Its voice and central conflicts have helped it reach readers well beyond its original time and place.
1169,Atomic Habits,James Clear,Self Development,"Small changes are presented as a practical way to build useful habits and break harmful ones. The book turns its central idea into exercises, principles, or habits readers can test in daily life. It is commonly recommended as an accessible starting point, even where some claims remain debated."
1170,The 7 Habits of Highly Effective People,Stephen R. Covey,Self Development,"A principle-centered framework connects personal responsibility with relationships and long-term effectiveness. Its guidance focuses on awareness, deliberate practice, and long-term personal change. Its lasting value comes from connecting specialized knowledge with choices people face in ordinary life."
1171,How to Win Friends and Influence People,Dale Carnegie,Self Development,"Examples and guidelines explain how attention, respect, and empathy can improve communication. Examples translate an abstract view of improvement into concrete decisions and routines. The book has reached a broad audience by making a complex subject easier to examine and debate."
1172,The Power of Now,Eckhart Tolle,Self Development,"Mindful attention to the present is offered as a path away from anxious and repetitive thought. The book turns its central idea into exercises, principles, or habits readers can test in daily life. Readers often return to it for a clear framework, memorable examples, and questions that remain unsettled."
1173,Think and Grow Rich,Napoleon Hill,Self Development,"A classic success manual links clear goals, persistence, and belief with achievement. Its guidance focuses on awareness, deliberate practice, and long-term personal change. It remains widely discussed because its ideas continue to influence readers and public conversation."
1174,The Four Agreements,Don Miguel Ruiz,Self Development,Four personal commitments are proposed for reducing conflict and living with greater awareness. Examples translate an abstract view of improvement into concrete decisions and routines. The work continues to shape how general readers understand its subject and the language used to discuss it.
1175,Man's Search for Meaning,Viktor E. Frankl,Self Development,"A psychiatrist combines his concentration-camp experiences with an argument about meaning and survival. The book turns its central idea into exercises, principles, or habits readers can test in daily life. It is commonly recommended as an accessible starting point, even where some claims remain debated."
1176,The Subtle Art of Not Giving a F*ck,Mark Manson,Self Development,"A direct approach to self-help emphasizes values, responsibility, and choosing worthwhile problems. Its guidance focuses on awareness, deliberate practice, and long-term personal change. Its lasting value comes from connecting specialized knowledge with choices people face in ordinary life."
1177,Mindset,Carol S. Dweck,Self Development,Research and examples compare fixed beliefs about ability with a more adaptable growth mindset. Examples translate an abstract view of improvement into concrete decisions and routines. The book has reached a broad audience by making a complex subject easier to examine and debate.
1178,Grit,Angela Duckworth,Self Development,"Long-term passion and persistence are examined as important parts of achievement. The book turns its central idea into exercises, principles, or habits readers can test in daily life. Readers often return to it for a clear framework, memorable examples, and questions that remain unsettled."
1179,The Gifts of Imperfection,Brené Brown,Self Development,"Personal stories and research encourage authenticity, self-compassion, and resistance to shame. Its guidance focuses on awareness, deliberate practice, and long-term personal change. It remains widely discussed because its ideas continue to influence readers and public conversation."
1180,Deep Work,Cal Newport,Self Development,Focused attention without distraction is presented as a valuable skill in demanding work. Examples translate an abstract view of improvement into concrete decisions and routines. The work continues to shape how general readers understand its subject and the language used to discuss it.
1181,Essentialism,Greg McKeown,Self Development,"A disciplined method helps readers identify what matters and remove less important commitments. The book turns its central idea into exercises, principles, or habits readers can test in daily life. It is commonly recommended as an accessible starting point, even where some claims remain debated."
1182,The Artist's Way,Julia Cameron,Self Development,"A twelve-week program uses writing and regular creative activities to overcome artistic blocks. Its guidance focuses on awareness, deliberate practice, and long-term personal change. Its lasting value comes from connecting specialized knowledge with choices people face in ordinary life."
1183,The Lean Startup,Eric Ries,Business Entrepreneurship,Entrepreneurs are encouraged to test assumptions quickly through experiments and customer feedback. Its framework helps readers evaluate how companies create value and respond to change. The work continues to shape how general readers understand its subject and the language used to discuss it.
1184,Zero to One,Peter Thiel with Blake Masters,Business Entrepreneurship,"Startup strategy is framed around creating unique value instead of copying existing competition. The book connects strategy with leadership, customers, experimentation, and organizational culture. It is commonly recommended as an accessible starting point, even where some claims remain debated."
1185,Good to Great,Jim Collins,Business Entrepreneurship,"Research on selected companies identifies leadership and organizational patterns linked with sustained performance. Case studies turn business decisions into lessons about risk, execution, and adaptation. Its lasting value comes from connecting specialized knowledge with choices people face in ordinary life."
1186,Start with Why,Simon Sinek,Business Entrepreneurship,Organizations are urged to communicate the purpose behind their work before explaining products or methods. Its framework helps readers evaluate how companies create value and respond to change. The book has reached a broad audience by making a complex subject easier to examine and debate.
1187,The Hard Thing About Hard Things,Ben Horowitz,Business Entrepreneurship,"A technology executive describes difficult decisions involved in building and leading companies. The book connects strategy with leadership, customers, experimentation, and organizational culture. Readers often return to it for a clear framework, memorable examples, and questions that remain unsettled."
1188,Shoe Dog,Phil Knight,Business Entrepreneurship,"Nike's founder recounts the risks, relationships, and near failures behind the company's growth. Case studies turn business decisions into lessons about risk, execution, and adaptation. It remains widely discussed because its ideas continue to influence readers and public conversation."
1189,Built to Last,Jim Collins and Jerry I. Porras,Business Entrepreneurship,Long-lasting companies are compared to identify recurring approaches to culture and leadership. Its framework helps readers evaluate how companies create value and respond to change. The work continues to shape how general readers understand its subject and the language used to discuss it.
1190,The Innovator's Dilemma,Clayton M. Christensen,Business Entrepreneurship,"Successful firms are shown failing when disruptive technologies first appear small or unprofitable. The book connects strategy with leadership, customers, experimentation, and organizational culture. It is commonly recommended as an accessible starting point, even where some claims remain debated."
1191,Blue Ocean Strategy,W. Chan Kim and Renée Mauborgne,Business Entrepreneurship,"Companies are encouraged to create new demand rather than fight over crowded markets. Case studies turn business decisions into lessons about risk, execution, and adaptation. Its lasting value comes from connecting specialized knowledge with choices people face in ordinary life."
1192,Rework,Jason Fried and David Heinemeier Hansson,Business Entrepreneurship,"Short essays challenge conventional assumptions about planning, growth, meetings, and productivity. Its framework helps readers evaluate how companies create value and respond to change. The book has reached a broad audience by making a complex subject easier to examine and debate."
1193,The E-Myth Revisited,Michael E. Gerber,Business Entrepreneurship,"Small-business owners are taught to build repeatable systems instead of relying only on personal labor. The book connects strategy with leadership, customers, experimentation, and organizational culture. Readers often return to it for a clear framework, memorable examples, and questions that remain unsettled."
1194,"Creativity, Inc.",Ed Catmull with Amy Wallace,Business Entrepreneurship,"Pixar's cofounder explains management practices designed to protect honest feedback and creative risk. Case studies turn business decisions into lessons about risk, execution, and adaptation. It remains widely discussed because its ideas continue to influence readers and public conversation."
1195,The Personal MBA,Josh Kaufman,Business Entrepreneurship,"Core ideas from marketing, finance, operations, and decision-making are organized into an accessible overview. Its framework helps readers evaluate how companies create value and respond to change. The work continues to shape how general readers understand its subject and the language used to discuss it."
1196,The Everything Store,Brad Stone,Business Entrepreneurship,"Amazon's rise is traced through Jeff Bezos's ambition, strategy, and demanding company culture. The book connects strategy with leadership, customers, experimentation, and organizational culture. It is commonly recommended as an accessible starting point, even where some claims remain debated."
1197,The Intelligent Investor,Benjamin Graham,Finance Investing,"Value investing principles emphasize discipline, a margin of safety, and protection from market emotion. Its lessons encourage readers to distinguish durable principles from emotion and short-term noise. Readers often return to it for a clear framework, memorable examples, and questions that remain unsettled."
1198,Rich Dad Poor Dad,Robert T. Kiyosaki,Finance Investing,"Contrasting financial attitudes introduce ideas about assets, liabilities, work, and ownership. Examples connect personal choices with broader ideas about markets, saving, and wealth. It remains widely discussed because its ideas continue to influence readers and public conversation."
1199,A Random Walk Down Wall Street,Burton G. Malkiel,Finance Investing,"Market evidence is used to argue for diversification and low-cost long-term investing. The book explains financial behavior through risk, time, discipline, and the use of evidence. The work continues to shape how general readers understand its subject and the language used to discuss it."
1200,The Psychology of Money,Morgan Housel,Finance Investing,"Short stories show how behavior and personal experience shape financial decisions. Its lessons encourage readers to distinguish durable principles from emotion and short-term noise. It is commonly recommended as an accessible starting point, even where some claims remain debated."
1201,The Millionaire Next Door,Thomas J. Stanley and William D. Danko,Finance Investing,"Research profiles households that build wealth through saving, restraint, and steady habits. Examples connect personal choices with broader ideas about markets, saving, and wealth. Its lasting value comes from connecting specialized knowledge with choices people face in ordinary life."
1202,Common Stocks and Uncommon Profits,Philip Fisher,Finance Investing,"Investors are taught to study company quality, management, and long-term growth potential. The book explains financial behavior through risk, time, discipline, and the use of evidence. The book has reached a broad audience by making a complex subject easier to examine and debate."
1203,One Up On Wall Street,Peter Lynch,Finance Investing,"Individual investors are encouraged to research promising businesses they understand from everyday life. Its lessons encourage readers to distinguish durable principles from emotion and short-term noise. Readers often return to it for a clear framework, memorable examples, and questions that remain unsettled."
1204,The Little Book of Common Sense Investing,John C. Bogle,Finance Investing,"A case is made for broad, low-cost index funds held over long periods. Examples connect personal choices with broader ideas about markets, saving, and wealth. It remains widely discussed because its ideas continue to influence readers and public conversation."
1205,Your Money or Your Life,Vicki Robin and Joe Dominguez,Finance Investing,"Money is connected to time and values through a program for tracking spending and gaining independence. The book explains financial behavior through risk, time, discipline, and the use of evidence. The work continues to shape how general readers understand its subject and the language used to discuss it."
1206,I Will Teach You to Be Rich,Ramit Sethi,Finance Investing,"A practical system covers banking, saving, investing, and conscious spending. Its lessons encourage readers to distinguish durable principles from emotion and short-term noise. It is commonly recommended as an accessible starting point, even where some claims remain debated."
1207,The Richest Man in Babylon,George S. Clason,Finance Investing,"Ancient-style parables teach saving, debt control, and gradual wealth building. Examples connect personal choices with broader ideas about markets, saving, and wealth. Its lasting value comes from connecting specialized knowledge with choices people face in ordinary life."
1208,Security Analysis,Benjamin Graham and David Dodd,Finance Investing,"Detailed methods evaluate businesses and securities by studying financial fundamentals. The book explains financial behavior through risk, time, discipline, and the use of evidence. The book has reached a broad audience by making a complex subject easier to examine and debate."
1209,The Total Money Makeover,Dave Ramsey,Finance Investing,"A step-by-step plan focuses on emergency savings, debt repayment, and household budgeting. Its lessons encourage readers to distinguish durable principles from emotion and short-term noise. Readers often return to it for a clear framework, memorable examples, and questions that remain unsettled."
1210,The Big Short,Michael Lewis,Finance Investing,"Investors who recognized weaknesses in the U.S. housing market are followed through the financial crisis. Examples connect personal choices with broader ideas about markets, saving, and wealth. It remains widely discussed because its ideas continue to influence readers and public conversation."
1211,"Thinking, Fast and Slow",Daniel Kahneman,Psychology,"Decades of research explain how intuitive and deliberate thinking shape judgment and error. Research and case studies connect mental processes with behavior, relationships, and decision-making. It is commonly recommended as an accessible starting point, even where some claims remain debated."
1212,Influence,Robert B. Cialdini,Psychology,"Common principles of persuasion are explained through experiments, observation, and real-world examples. The book makes psychological theory understandable through experiments and lived experience. Its lasting value comes from connecting specialized knowledge with choices people face in ordinary life."
1213,The Body Keeps the Score,Bessel van der Kolk,Psychology,"Clinical experience and research examine how trauma can affect the brain, body, and relationships. Its central questions concern how people perceive, adapt, choose, and make meaning. The book has reached a broad audience by making a complex subject easier to examine and debate."
1214,Emotional Intelligence,Daniel Goleman,Psychology,"Emotional awareness and self-regulation are presented as important abilities beyond conventional intelligence. Research and case studies connect mental processes with behavior, relationships, and decision-making. Readers often return to it for a clear framework, memorable examples, and questions that remain unsettled."
1215,Flow,Mihaly Csikszentmihalyi,Psychology,Deep absorption in challenging activities is explored as a source of satisfaction and growth. The book makes psychological theory understandable through experiments and lived experience. It remains widely discussed because its ideas continue to influence readers and public conversation.
1216,Quiet,Susan Cain,Psychology,"Research and stories challenge cultures that undervalue introversion and reflective work. Its central questions concern how people perceive, adapt, choose, and make meaning. The work continues to shape how general readers understand its subject and the language used to discuss it."
1217,The Man Who Mistook His Wife for a Hat,Oliver Sacks,Psychology,"Neurological case histories reveal unusual changes in perception, memory, and identity. Research and case studies connect mental processes with behavior, relationships, and decision-making. It is commonly recommended as an accessible starting point, even where some claims remain debated."
1218,Predictably Irrational,Dan Ariely,Psychology,Experiments demonstrate recurring ways people make choices that depart from strict rationality. The book makes psychological theory understandable through experiments and lived experience. Its lasting value comes from connecting specialized knowledge with choices people face in ordinary life.
1219,Games People Play,Eric Berne,Psychology,"Recurring social interactions are described as psychological games with hidden roles and rewards. Its central questions concern how people perceive, adapt, choose, and make meaning. The book has reached a broad audience by making a complex subject easier to examine and debate."
1220,The Interpretation of Dreams,Sigmund Freud,Psychology,"Dreams are analyzed as expressions of unconscious wishes and mental conflict. Research and case studies connect mental processes with behavior, relationships, and decision-making. Readers often return to it for a clear framework, memorable examples, and questions that remain unsettled."
1221,Attached,Amir Levine and Rachel Heller,Psychology,"Attachment theory is applied to patterns of closeness, anxiety, and avoidance in adult relationships. The book makes psychological theory understandable through experiments and lived experience. It remains widely discussed because its ideas continue to influence readers and public conversation."
1222,The Lucifer Effect,Philip Zimbardo,Psychology,"Situations, systems, and group roles are examined as forces that can encourage harmful behavior. Its central questions concern how people perceive, adapt, choose, and make meaning. The work continues to shape how general readers understand its subject and the language used to discuss it."
1223,Maybe You Should Talk to Someone,Lori Gottlieb,Psychology,"A therapist describes her clients and her own experience receiving therapy. Research and case studies connect mental processes with behavior, relationships, and decision-making. It is commonly recommended as an accessible starting point, even where some claims remain debated."
1224,The Happiness Hypothesis,Jonathan Haidt,Psychology,Ancient ideas about a good life are compared with findings from modern psychology. The book makes psychological theory understandable through experiments and lived experience. Its lasting value comes from connecting specialized knowledge with choices people face in ordinary life.
1225,Sapiens,Yuval Noah Harari,History,A broad history follows Homo sapiens from early societies to modern global systems. The narrative places familiar events within a wider regional and global context. The work continues to shape how general readers understand its subject and the language used to discuss it.
1226,"Guns, Germs, and Steel",Jared Diamond,History,"Geography, domestication, and disease are used to explain unequal development across societies. The account connects political decisions with economic forces, culture, and everyday lives. It is commonly recommended as an accessible starting point, even where some claims remain debated."
1227,A People's History of the United States,Howard Zinn,History,"American history is retold through workers, Indigenous peoples, women, and other marginalized groups. Evidence from several perspectives is used to explain change over time and its unequal consequences. Its lasting value comes from connecting specialized knowledge with choices people face in ordinary life."
1228,The Silk Roads,Peter Frankopan,History,Trade routes across Asia are placed at the center of world history and cultural exchange. The narrative places familiar events within a wider regional and global context. The book has reached a broad audience by making a complex subject easier to examine and debate.
1229,The Rise and Fall of the Third Reich,William L. Shirer,History,"Nazi Germany is chronicled from its political ascent through war and collapse. The account connects political decisions with economic forces, culture, and everyday lives. Readers often return to it for a clear framework, memorable examples, and questions that remain unsettled."
1230,SPQR,Mary Beard,History,"Ancient Rome is examined through politics, citizenship, social life, and imperial expansion. Evidence from several perspectives is used to explain change over time and its unequal consequences. It remains widely discussed because its ideas continue to influence readers and public conversation."
1231,The Warmth of Other Suns,Isabel Wilkerson,History,Three lives illuminate the Great Migration of Black Americans from the South. The narrative places familiar events within a wider regional and global context. The work continues to shape how general readers understand its subject and the language used to discuss it.
1232,The Crusades,Thomas Asbridge,History,"Christian and Muslim campaigns for the Holy Land are narrated across two centuries. The account connects political decisions with economic forces, culture, and everyday lives. It is commonly recommended as an accessible starting point, even where some claims remain debated."
1233,Postwar,Tony Judt,History,"Europe's reconstruction and transformation after 1945 are traced through politics, economics, and memory. Evidence from several perspectives is used to explain change over time and its unequal consequences. Its lasting value comes from connecting specialized knowledge with choices people face in ordinary life."
1234,Bury My Heart at Wounded Knee,Dee Brown,History,The destruction and displacement of Native nations is recounted from Indigenous-centered sources. The narrative places familiar events within a wider regional and global context. The book has reached a broad audience by making a complex subject easier to examine and debate.
1235,The Anarchy,William Dalrymple,History,"The East India Company's rise shows how a corporation conquered and governed large parts of India. The account connects political decisions with economic forces, culture, and everyday lives. Readers often return to it for a clear framework, memorable examples, and questions that remain unsettled."
1236,King Leopold's Ghost,Adam Hochschild,History,"Belgian rule in the Congo is exposed through exploitation, resistance, and international activism. Evidence from several perspectives is used to explain change over time and its unequal consequences. It remains widely discussed because its ideas continue to influence readers and public conversation."
1237,India After Gandhi,Ramachandra Guha,History,"Independent India's political, social, and cultural history is followed from 1947 onward. The narrative places familiar events within a wider regional and global context. The work continues to shape how general readers understand its subject and the language used to discuss it."
1238,The Dawn of Everything,David Graeber and David Wengrow,History,"Archaeological evidence challenges simple stories about the origins of cities, hierarchy, and states. The account connects political decisions with economic forces, culture, and everyday lives. It is commonly recommended as an accessible starting point, even where some claims remain debated."
1239,The Diary of a Young Girl,Anne Frank,Biography Memoir,"A Jewish teenager records daily life, fear, and hope while hiding during the Holocaust. The narrative examines identity through memory, struggle, achievement, and self-reflection. It remains widely discussed because its ideas continue to influence readers and public conversation."
1240,Long Walk to Freedom,Nelson Mandela,Biography Memoir,"Mandela recounts his childhood, anti-apartheid struggle, imprisonment, and political leadership. Private details reveal the human pressures behind a public life or extraordinary experience. The work continues to shape how general readers understand its subject and the language used to discuss it."
1241,Becoming,Michelle Obama,Biography Memoir,"A former first lady reflects on family, education, public service, and life in the White House. Personal experience is placed within family, culture, politics, and historical change. It is commonly recommended as an accessible starting point, even where some claims remain debated."
1242,Educated,Tara Westover,Biography Memoir,"A woman raised in an isolated survivalist family pursues schooling and rebuilds her understanding of the past. The narrative examines identity through memory, struggle, achievement, and self-reflection. Its lasting value comes from connecting specialized knowledge with choices people face in ordinary life."
1243,The Autobiography of Malcolm X,Malcolm X and Alex Haley,Biography Memoir,Malcolm X narrates his transformation from a troubled youth into an influential political leader. Private details reveal the human pressures behind a public life or extraordinary experience. The book has reached a broad audience by making a complex subject easier to examine and debate.
1244,I Know Why the Caged Bird Sings,Maya Angelou,Biography Memoir,"Angelou recalls childhood trauma, racism, family strength, and the discovery of her voice. Personal experience is placed within family, culture, politics, and historical change. Readers often return to it for a clear framework, memorable examples, and questions that remain unsettled."
1245,When Breath Becomes Air,Paul Kalanithi,Biography Memoir,"A neurosurgeon facing terminal cancer reflects on medicine, identity, and a meaningful life. The narrative examines identity through memory, struggle, achievement, and self-reflection. It remains widely discussed because its ideas continue to influence readers and public conversation."
1246,Steve Jobs,Walter Isaacson,Biography Memoir,"Interviews trace the Apple cofounder's creativity, intensity, relationships, and influence on technology. Private details reveal the human pressures behind a public life or extraordinary experience. The work continues to shape how general readers understand its subject and the language used to discuss it."
1247,Open,Andre Agassi,Biography Memoir,"The tennis champion describes competition, fame, family pressure, and his complicated relationship with the sport. Personal experience is placed within family, culture, politics, and historical change. It is commonly recommended as an accessible starting point, even where some claims remain debated."
1248,Born a Crime,Trevor Noah,Biography Memoir,"A comedian recounts growing up as a mixed-race child under and after South African apartheid. The narrative examines identity through memory, struggle, achievement, and self-reflection. Its lasting value comes from connecting specialized knowledge with choices people face in ordinary life."
1249,Wild,Cheryl Strayed,Biography Memoir,"After personal loss and self-destruction, a woman hikes the Pacific Crest Trail alone. Private details reveal the human pressures behind a public life or extraordinary experience. The book has reached a broad audience by making a complex subject easier to examine and debate."
1250,Persepolis,Marjane Satrapi,Biography Memoir,"A graphic memoir follows a girl's childhood during the Iranian Revolution and her later life abroad. Personal experience is placed within family, culture, politics, and historical change. Readers often return to it for a clear framework, memorable examples, and questions that remain unsettled."
1251,Night,Elie Wiesel,Biography Memoir,"A survivor recalls his imprisonment in Auschwitz and Buchenwald as a teenager. The narrative examines identity through memory, struggle, achievement, and self-reflection. It remains widely discussed because its ideas continue to influence readers and public conversation."
1252,The Glass Castle,Jeannette Walls,Biography Memoir,A journalist remembers a brilliant but unstable family shaped by poverty and parental neglect. Private details reveal the human pressures behind a public life or extraordinary experience. The work continues to shape how general readers understand its subject and the language used to discuss it.
1253,A Brief History of Time,Stephen Hawking,Science Nature,"Modern cosmology is introduced through questions about time, black holes, and the universe's origin. Scientific ideas are explained through observation, evidence, history, and the people who produced the research. The book has reached a broad audience by making a complex subject easier to examine and debate."
1254,Cosmos,Carl Sagan,Science Nature,"Scientific history and astronomy are woven into a tour of humanity's place in the universe. The book connects specialized discoveries with wider questions about life, nature, and humanity's place in the universe. Readers often return to it for a clear framework, memorable examples, and questions that remain unsettled."
1255,The Selfish Gene,Richard Dawkins,Science Nature,Evolution is explained from a gene-centered perspective that also examines cooperation. Clear examples make complex systems visible without removing uncertainty or debate. It remains widely discussed because its ideas continue to influence readers and public conversation.
1256,Silent Spring,Rachel Carson,Science Nature,"Evidence about pesticides reveals ecological damage and helped transform environmental debate. Scientific ideas are explained through observation, evidence, history, and the people who produced the research. The work continues to shape how general readers understand its subject and the language used to discuss it."
1257,On the Origin of Species,Charles Darwin,Science Nature,"Natural selection is presented as a mechanism explaining the diversity and adaptation of life. The book connects specialized discoveries with wider questions about life, nature, and humanity's place in the universe. It is commonly recommended as an accessible starting point, even where some claims remain debated."
1258,The Gene,Siddhartha Mukherjee,Science Nature,"The history of genetics connects scientific discovery with medicine, identity, and ethical risk. Clear examples make complex systems visible without removing uncertainty or debate. Its lasting value comes from connecting specialized knowledge with choices people face in ordinary life."
1259,The Immortal Life of Henrietta Lacks,Rebecca Skloot,Science Nature,"A family's story is linked to cells taken without consent that became crucial to medical research. Scientific ideas are explained through observation, evidence, history, and the people who produced the research. The book has reached a broad audience by making a complex subject easier to examine and debate."
1260,Entangled Life,Merlin Sheldrake,Science Nature,"Fungi are explored as organisms that reshape ecosystems, evolution, and familiar ideas of individuality. The book connects specialized discoveries with wider questions about life, nature, and humanity's place in the universe. Readers often return to it for a clear framework, memorable examples, and questions that remain unsettled."
1261,Braiding Sweetgrass,Robin Wall Kimmerer,Science Nature,"Botany, Indigenous knowledge, and personal reflection offer a reciprocal view of the living world. Clear examples make complex systems visible without removing uncertainty or debate. It remains widely discussed because its ideas continue to influence readers and public conversation."
1262,The Sixth Extinction,Elizabeth Kolbert,Science Nature,"Field reporting examines species loss and humanity's role in a modern mass extinction. Scientific ideas are explained through observation, evidence, history, and the people who produced the research. The work continues to shape how general readers understand its subject and the language used to discuss it."
1263,The Hidden Life of Trees,Peter Wohlleben,Science Nature,"Forest observations describe how trees communicate, compete, and support one another. The book connects specialized discoveries with wider questions about life, nature, and humanity's place in the universe. It is commonly recommended as an accessible starting point, even where some claims remain debated."
1264,Astrophysics for People in a Hurry,Neil deGrasse Tyson,Science Nature,"Short chapters introduce major ideas about matter, space, gravity, and cosmic history. Clear examples make complex systems visible without removing uncertainty or debate. Its lasting value comes from connecting specialized knowledge with choices people face in ordinary life."
1265,The Emperor of All Maladies,Siddhartha Mukherjee,Science Nature,"Cancer's scientific and medical history is told through research, treatment, and patient experience. Scientific ideas are explained through observation, evidence, history, and the people who produced the research. The book has reached a broad audience by making a complex subject easier to examine and debate."
1266,The Soul of an Octopus,Sy Montgomery,Science Nature,"Encounters with octopuses explore intelligence, personality, and human relationships with other animals. The book connects specialized discoveries with wider questions about life, nature, and humanity's place in the universe. Readers often return to it for a clear framework, memorable examples, and questions that remain unsettled."
1267,The Omnivore's Dilemma,Michael Pollan,Health Wellness,"Four meals reveal the industrial, organic, and ecological systems behind modern food. Its claims invite readers to consider evidence while making practical choices about care and prevention. Readers often return to it for a clear framework, memorable examples, and questions that remain unsettled."
1268,Why We Sleep,Matthew Walker,Health Wellness,"Sleep research is used to explain how rest affects memory, health, emotion, and performance. Research, reporting, and personal stories connect everyday habits with physical or mental well-being. It remains widely discussed because its ideas continue to influence readers and public conversation."
1269,Outlive,Peter Attia with Bill Gifford,Health Wellness,"A physician presents a prevention-focused approach to longevity, exercise, and chronic disease risk. The book presents health as a combination of biology, behavior, environment, and social support. The work continues to shape how general readers understand its subject and the language used to discuss it."
1270,How Not to Die,Michael Greger with Gene Stone,Health Wellness,"Nutrition research is presented in support of plant-centered eating and disease prevention. Its claims invite readers to consider evidence while making practical choices about care and prevention. It is commonly recommended as an accessible starting point, even where some claims remain debated."
1271,The Blue Zones,Dan Buettner,Health Wellness,"Communities with unusual longevity are studied for patterns involving food, movement, purpose, and connection. Research, reporting, and personal stories connect everyday habits with physical or mental well-being. Its lasting value comes from connecting specialized knowledge with choices people face in ordinary life."
1272,Breath,James Nestor,Health Wellness,"Reporting and experiments investigate how breathing habits may influence health and performance. The book presents health as a combination of biology, behavior, environment, and social support. The book has reached a broad audience by making a complex subject easier to examine and debate."
1273,Being Mortal,Atul Gawande,Health Wellness,"Medicine's approach to aging and death is examined through families, patients, and caregiving institutions. Its claims invite readers to consider evidence while making practical choices about care and prevention. Readers often return to it for a clear framework, memorable examples, and questions that remain unsettled."
1274,The Checklist Manifesto,Atul Gawande,Health Wellness,"Simple checklists are shown reducing avoidable mistakes in medicine and other complex work. Research, reporting, and personal stories connect everyday habits with physical or mental well-being. It remains widely discussed because its ideas continue to influence readers and public conversation."
1275,In Defense of Food,Michael Pollan,Health Wellness,"A critique of industrial diets argues for eating recognizable foods with greater simplicity. The book presents health as a combination of biology, behavior, environment, and social support. The work continues to shape how general readers understand its subject and the language used to discuss it."
1276,The Body,Bill Bryson,Health Wellness,"Human anatomy and medical history are explained through accessible science and surprising stories. Its claims invite readers to consider evidence while making practical choices about care and prevention. It is commonly recommended as an accessible starting point, even where some claims remain debated."
1277,When the Body Says No,Gabor Maté,Health Wellness,"Clinical stories examine possible relationships among chronic stress, emotion, and physical illness. Research, reporting, and personal stories connect everyday habits with physical or mental well-being. Its lasting value comes from connecting specialized knowledge with choices people face in ordinary life."
1278,Spark,John J. Ratey with Eric Hagerman,Health Wellness,"Research connects regular exercise with learning, mood, attention, and brain health. The book presents health as a combination of biology, behavior, environment, and social support. The book has reached a broad audience by making a complex subject easier to examine and debate."
1279,The Noonday Demon,Andrew Solomon,Health Wellness,"Personal experience and reporting investigate depression, treatment, culture, and public policy. Its claims invite readers to consider evidence while making practical choices about care and prevention. Readers often return to it for a clear framework, memorable examples, and questions that remain unsettled."
1280,The Sleep Revolution,Arianna Huffington,Health Wellness,"Modern sleep deprivation is examined alongside practical arguments for making rest a priority. Research, reporting, and personal stories connect everyday habits with physical or mental well-being. It remains widely discussed because its ideas continue to influence readers and public conversation."
1281,The Communist Manifesto,Karl Marx and Friedrich Engels,Politics Society,"A revolutionary pamphlet argues that class conflict drives history and calls workers to organize. Historical examples show how political ideas shape laws, social structures, and everyday life. It remains widely discussed because its ideas continue to influence readers and public conversation."
1282,The Prince,Niccolò Machiavelli,Politics Society,"A concise study of political power advises rulers on strategy, stability, and reputation. The book remains useful for comparing competing views of freedom, justice, and legitimate authority. The work continues to shape how general readers understand its subject and the language used to discuss it."
1283,The Republic,Plato,Politics Society,"A philosophical dialogue investigates justice, education, leadership, and the ideal state. The argument connects institutions, power, rights, inequality, and collective responsibility. It is commonly recommended as an accessible starting point, even where some claims remain debated."
1284,The Social Contract,Jean-Jacques Rousseau,Politics Society,"Political legitimacy is grounded in collective agreement and the general will. Historical examples show how political ideas shape laws, social structures, and everyday life. Its lasting value comes from connecting specialized knowledge with choices people face in ordinary life."
1285,The Second Sex,Simone de Beauvoir,Politics Society,"History, philosophy, and lived experience are used to analyze women's social oppression. The book remains useful for comparing competing views of freedom, justice, and legitimate authority. The book has reached a broad audience by making a complex subject easier to examine and debate."
1286,Orientalism,Edward W. Said,Politics Society,"Western representations of the East are examined as cultural tools connected to imperial power. The argument connects institutions, power, rights, inequality, and collective responsibility. Readers often return to it for a clear framework, memorable examples, and questions that remain unsettled."
1287,The New Jim Crow,Michelle Alexander,Politics Society,"Mass incarceration is argued to function as a modern system of racial control in the United States. Historical examples show how political ideas shape laws, social structures, and everyday life. It remains widely discussed because its ideas continue to influence readers and public conversation."
1288,The Wretched of the Earth,Frantz Fanon,Politics Society,"Colonial domination, revolutionary violence, and the challenges of national liberation are analyzed. The book remains useful for comparing competing views of freedom, justice, and legitimate authority. The work continues to shape how general readers understand its subject and the language used to discuss it."
1289,Democracy in America,Alexis de Tocqueville,Politics Society,"American democratic institutions and social habits are studied for their strengths and dangers. The argument connects institutions, power, rights, inequality, and collective responsibility. It is commonly recommended as an accessible starting point, even where some claims remain debated."
1290,The Road to Serfdom,Friedrich Hayek,Politics Society,"Central economic planning is criticized as a threat to individual and political freedom. Historical examples show how political ideas shape laws, social structures, and everyday life. Its lasting value comes from connecting specialized knowledge with choices people face in ordinary life."
1291,The Origins of Totalitarianism,Hannah Arendt,Politics Society,"Antisemitism, imperialism, and mass politics are traced into twentieth-century totalitarian rule. The book remains useful for comparing competing views of freedom, justice, and legitimate authority. The book has reached a broad audience by making a complex subject easier to examine and debate."
1292,Manufacturing Consent,Edward S. Herman and Noam Chomsky,Politics Society,"A propaganda model explains how ownership and institutional pressures shape mass media. The argument connects institutions, power, rights, inequality, and collective responsibility. Readers often return to it for a clear framework, memorable examples, and questions that remain unsettled."
1293,Why Nations Fail,Daron Acemoglu and James A. Robinson,Politics Society,"Differences in national prosperity are linked to inclusive or extractive political institutions. Historical examples show how political ideas shape laws, social structures, and everyday life. It remains widely discussed because its ideas continue to influence readers and public conversation."
1294,Caste,Isabel Wilkerson,Politics Society,"Racial hierarchy in the United States is compared with caste systems in India and Nazi Germany. The book remains useful for comparing competing views of freedom, justice, and legitimate authority. The work continues to shape how general readers understand its subject and the language used to discuss it."
1295,The Geography of Bliss,Eric Weiner,Travel Geography,"A journalist visits several countries to investigate how place and culture influence happiness. Movement through landscapes becomes a way to observe history, culture, and the traveler's assumptions. It is commonly recommended as an accessible starting point, even where some claims remain debated."
1296,In a Sunburned Country,Bill Bryson,Travel Geography,"A humorous journey across Australia mixes natural history, travel mishaps, and cultural observation. The journey combines geography with encounters that reveal how people understand place and identity. Its lasting value comes from connecting specialized knowledge with choices people face in ordinary life."
1297,A Walk in the Woods,Bill Bryson,Travel Geography,Two unprepared friends hike sections of the Appalachian Trail and reflect on the landscape. Description and reflection turn travel into an investigation of both the world and the self. The book has reached a broad audience by making a complex subject easier to examine and debate.
1298,The Great Railway Bazaar,Paul Theroux,Travel Geography,"A long train journey from Europe through Asia records people, politics, and changing places. Movement through landscapes becomes a way to observe history, culture, and the traveler's assumptions. Readers often return to it for a clear framework, memorable examples, and questions that remain unsettled."
1299,On the Road,Jack Kerouac,Travel Geography,"Young wanderers cross the United States in search of freedom, experience, and intensity. The journey combines geography with encounters that reveal how people understand place and identity. It remains widely discussed because its ideas continue to influence readers and public conversation."
1300,Travels with Charley,John Steinbeck,Travel Geography,A novelist drives across the United States with his dog to reconsider the country he writes about. Description and reflection turn travel into an investigation of both the world and the self. The work continues to shape how general readers understand its subject and the language used to discuss it.
1301,Into the Wild,Jon Krakauer,Travel Geography,"The life and death of a young traveler in Alaska are reconstructed through reporting and personal reflection. Movement through landscapes becomes a way to observe history, culture, and the traveler's assumptions. It is commonly recommended as an accessible starting point, even where some claims remain debated."
1302,Seven Years in Tibet,Heinrich Harrer,Travel Geography,"An Austrian mountaineer describes escape, travel, and life in Tibet before Chinese control. The journey combines geography with encounters that reveal how people understand place and identity. Its lasting value comes from connecting specialized knowledge with choices people face in ordinary life."
1303,The Motorcycle Diaries,Ernesto Che Guevara,Travel Geography,A young medical student journeys across South America and witnesses poverty and inequality. Description and reflection turn travel into an investigation of both the world and the self. The book has reached a broad audience by making a complex subject easier to examine and debate.
1304,The Art of Travel,Alain de Botton,Travel Geography,"Essays connect ordinary travel experiences with art, philosophy, anticipation, and attention. Movement through landscapes becomes a way to observe history, culture, and the traveler's assumptions. Readers often return to it for a clear framework, memorable examples, and questions that remain unsettled."
1305,A Time of Gifts,Patrick Leigh Fermor,Travel Geography,A youthful walk across 1930s Europe captures landscapes and cultures before war transformed them. The journey combines geography with encounters that reveal how people understand place and identity. It remains widely discussed because its ideas continue to influence readers and public conversation.
1306,The Lost City of Z,David Grann,Travel Geography,The search for explorer Percy Fawcett becomes an investigation of obsession and the Amazon. Description and reflection turn travel into an investigation of both the world and the self. The work continues to shape how general readers understand its subject and the language used to discuss it.
1307,The Old Ways,Robert Macfarlane,Travel Geography,"Journeys along ancient paths explore how walking connects landscape, memory, and culture. Movement through landscapes becomes a way to observe history, culture, and the traveler's assumptions. It is commonly recommended as an accessible starting point, even where some claims remain debated."
1308,Vagabonding,Rolf Potts,Travel Geography,Long-term independent travel is presented as a deliberate way of using time and engaging with place. The journey combines geography with encounters that reveal how people understand place and identity. Its lasting value comes from connecting specialized knowledge with choices people face in ordinary life.
1309,The Fire Next Time,James Baldwin,Essays Journalism,"Two essays examine race, religion, anger, and the possibility of change in the United States. The author's voice gives coherence to subjects that range from private life to public debate. Its lasting value comes from connecting specialized knowledge with choices people face in ordinary life."
1310,A Room of One's Own,Virginia Woolf,Essays Journalism,"An extended essay argues that women writers need financial independence and private space. The pieces combine close observation with argument, personal experience, and cultural criticism. The book has reached a broad audience by making a complex subject easier to examine and debate."
1311,Slouching Towards Bethlehem,Joan Didion,Essays Journalism,"Essays report on California, counterculture, identity, and social unease in the 1960s. Reporting and reflection connect individual moments with larger questions of power and belonging. Readers often return to it for a clear framework, memorable examples, and questions that remain unsettled."
1312,Bad Feminist,Roxane Gay,Essays Journalism,"Personal and cultural essays consider feminism, popular media, race, and contradiction. The author's voice gives coherence to subjects that range from private life to public debate. It remains widely discussed because its ideas continue to influence readers and public conversation."
1313,Men Explain Things to Me,Rebecca Solnit,Essays Journalism,"Essays analyze gendered authority, silencing, violence, and public conversation. The pieces combine close observation with argument, personal experience, and cultural criticism. The work continues to shape how general readers understand its subject and the language used to discuss it."
1314,Between the World and Me,Ta-Nehisi Coates,Essays Journalism,"A father addresses his son about race, history, fear, and the Black body in America. Reporting and reflection connect individual moments with larger questions of power and belonging. It is commonly recommended as an accessible starting point, even where some claims remain debated."
1315,Notes of a Native Son,James Baldwin,Essays Journalism,Essays combine literary criticism and personal experience to examine race and belonging. The author's voice gives coherence to subjects that range from private life to public debate. Its lasting value comes from connecting specialized knowledge with choices people face in ordinary life.
1316,The White Album,Joan Didion,Essays Journalism,"Fragmented essays capture politics, culture, and instability in late-1960s and 1970s America. The pieces combine close observation with argument, personal experience, and cultural criticism. The book has reached a broad audience by making a complex subject easier to examine and debate."
1317,Consider the Lobster,David Foster Wallace,Essays Journalism,"Reported essays investigate entertainment, language, food ethics, and American public life. Reporting and reflection connect individual moments with larger questions of power and belonging. Readers often return to it for a clear framework, memorable examples, and questions that remain unsettled."
1318,We Should All Be Feminists,Chimamanda Ngozi Adichie,Essays Journalism,A concise personal argument explains why gender equality benefits everyone. The author's voice gives coherence to subjects that range from private life to public debate. It remains widely discussed because its ideas continue to influence readers and public conversation.
1319,Essays,George Orwell,Essays Journalism,"Political and literary essays examine power, language, class, empire, and the responsibilities of writing. The pieces combine close observation with argument, personal experience, and cultural criticism. The work continues to shape how general readers understand its subject and the language used to discuss it."
1320,The Anthropocene Reviewed,John Green,Essays Journalism,"Personal essays rate features of human life while reflecting on history, loss, and wonder. Reporting and reflection connect individual moments with larger questions of power and belonging. It is commonly recommended as an accessible starting point, even where some claims remain debated."
1321,The Souls of Black Folk,W.E.B. Du Bois,Essays Journalism,"Essays combine history, sociology, and autobiography to describe Black life after emancipation. The author's voice gives coherence to subjects that range from private life to public debate. Its lasting value comes from connecting specialized knowledge with choices people face in ordinary life."
1322,The Year of Magical Thinking,Joan Didion,Essays Journalism,"A writer examines grief and disorientation during the year after her husband's sudden death. The pieces combine close observation with argument, personal experience, and cultural criticism. The book has reached a broad audience by making a complex subject easier to examine and debate."
1323,The Innovators,Walter Isaacson,Technology Future,"The people and collaborations behind computers and the internet are traced across generations. The book connects invention with the institutions and people that determine how technology is used. Readers often return to it for a clear framework, memorable examples, and questions that remain unsettled."
1324,Life 3.0,Max Tegmark,Technology Future,"Possible futures involving artificial intelligence are explored through technical, social, and ethical questions. Its examples help readers evaluate both the promise and the risks of rapid innovation. It remains widely discussed because its ideas continue to influence readers and public conversation."
1325,Superintelligence,Nick Bostrom,Technology Future,"Scenarios involving machines smarter than humans are analyzed for strategy and existential risk. Technical change is examined alongside questions of power, work, security, ethics, and governance. The work continues to shape how general readers understand its subject and the language used to discuss it."
1326,The Singularity Is Near,Ray Kurzweil,Technology Future,"Accelerating technological change is projected toward a future of merged biological and machine intelligence. The book connects invention with the institutions and people that determine how technology is used. It is commonly recommended as an accessible starting point, even where some claims remain debated."
1327,The Code Book,Simon Singh,Technology Future,The history of secret communication moves from ancient ciphers to modern cryptography. Its examples help readers evaluate both the promise and the risks of rapid innovation. Its lasting value comes from connecting specialized knowledge with choices people face in ordinary life.
1328,The Shallows,Nicholas Carr,Technology Future,"The internet's habits of attention are examined for their effects on reading and thought. Technical change is examined alongside questions of power, work, security, ethics, and governance. The book has reached a broad audience by making a complex subject easier to examine and debate."
1329,Weapons of Math Destruction,Cathy O'Neil,Technology Future,"Opaque algorithms are shown reinforcing inequality in education, employment, policing, and finance. The book connects invention with the institutions and people that determine how technology is used. Readers often return to it for a clear framework, memorable examples, and questions that remain unsettled."
1330,The Age of Surveillance Capitalism,Shoshana Zuboff,Technology Future,Digital companies are analyzed for turning human behavior into data and prediction products. Its examples help readers evaluate both the promise and the risks of rapid innovation. It remains widely discussed because its ideas continue to influence readers and public conversation.
1331,The Master Switch,Tim Wu,Technology Future,"Communication industries are shown cycling between open innovation and concentrated control. Technical change is examined alongside questions of power, work, security, ethics, and governance. The work continues to shape how general readers understand its subject and the language used to discuss it."
1332,The Second Machine Age,Erik Brynjolfsson and Andrew McAfee,Technology Future,"Digital technology's effects on productivity, employment, and inequality are examined. The book connects invention with the institutions and people that determine how technology is used. It is commonly recommended as an accessible starting point, even where some claims remain debated."
1333,The Coming Wave,Mustafa Suleyman with Michael Bhaskar,Technology Future,Artificial intelligence and biotechnology are framed as powerful technologies that societies must contain. Its examples help readers evaluate both the promise and the risks of rapid innovation. Its lasting value comes from connecting specialized knowledge with choices people face in ordinary life.
1334,Chip War,Chris Miller,Technology Future,"Semiconductors are placed at the center of modern economics, technology, and geopolitical rivalry. Technical change is examined alongside questions of power, work, security, ethics, and governance. The book has reached a broad audience by making a complex subject easier to examine and debate."
1335,The Alignment Problem,Brian Christian,Technology Future,"Researchers confront the difficulty of making machine-learning systems reflect human goals and values. The book connects invention with the institutions and people that determine how technology is used. Readers often return to it for a clear framework, memorable examples, and questions that remain unsettled."
1336,Algorithms to Live By,Brian Christian and Tom Griffiths,Technology Future,"Ideas from computer science are applied to everyday choices involving search, scheduling, and uncertainty. Its examples help readers evaluate both the promise and the risks of rapid innovation. It remains widely discussed because its ideas continue to influence readers and public conversation."
1337,The Bible,Various authors,Religion Spirituality,"A collection of sacred writings tells histories, laws, poetry, prophecy, teachings, and early Christian accounts. The work addresses meaning, suffering, ethical conduct, community, and the search for transcendence. Its lasting value comes from connecting specialized knowledge with choices people face in ordinary life."
1338,The Qur'an,Traditional Islamic scripture,Religion Spirituality,"Islam's central scripture presents revelations concerning faith, worship, ethics, law, and community. Its teachings or reflections connect inner practice with relationships and responsibilities in the world. The book has reached a broad audience by making a complex subject easier to examine and debate."
1339,Bhagavad Gita,Traditional,Religion Spirituality,"A warrior's conversation with Krishna explores duty, action, knowledge, and devotion. Readers approach it for spiritual guidance, philosophical insight, historical influence, or all three. Readers often return to it for a clear framework, memorable examples, and questions that remain unsettled."
1340,Tao Te Ching,Lao Tzu,Religion Spirituality,"Brief poetic passages reflect on the Way, humility, natural action, and wise leadership. The work addresses meaning, suffering, ethical conduct, community, and the search for transcendence. It remains widely discussed because its ideas continue to influence readers and public conversation."
1341,The Dhammapada,Traditional,Religion Spirituality,"Verses attributed to the Buddha offer guidance on mind, conduct, suffering, and liberation. Its teachings or reflections connect inner practice with relationships and responsibilities in the world. The work continues to shape how general readers understand its subject and the language used to discuss it."
1342,The Art of Happiness,Dalai Lama and Howard C. Cutler,Religion Spirituality,"Conversations connect Buddhist practice with psychological questions about compassion and well-being. Readers approach it for spiritual guidance, philosophical insight, historical influence, or all three. It is commonly recommended as an accessible starting point, even where some claims remain debated."
1343,Siddhartha,Hermann Hesse,Religion Spirituality,"A young seeker leaves conventional paths and learns through asceticism, desire, loss, and contemplation. The work addresses meaning, suffering, ethical conduct, community, and the search for transcendence. Its lasting value comes from connecting specialized knowledge with choices people face in ordinary life."
1344,The Prophet,Kahlil Gibran,Religion Spirituality,"Poetic reflections address love, work, freedom, sorrow, family, and other parts of human life. Its teachings or reflections connect inner practice with relationships and responsibilities in the world. The book has reached a broad audience by making a complex subject easier to examine and debate."
1345,Mere Christianity,C.S. Lewis,Religion Spirituality,"A series of talks presents a reasoned introduction to shared Christian beliefs and ethics. Readers approach it for spiritual guidance, philosophical insight, historical influence, or all three. Readers often return to it for a clear framework, memorable examples, and questions that remain unsettled."
1346,Autobiography of a Yogi,Paramahansa Yogananda,Religion Spirituality,"A spiritual teacher recounts his life, mentors, mystical experiences, and introduction of yoga to the West. The work addresses meaning, suffering, ethical conduct, community, and the search for transcendence. It remains widely discussed because its ideas continue to influence readers and public conversation."
1347,The Varieties of Religious Experience,William James,Religion Spirituality,"Lectures examine conversion, mysticism, faith, and religious experience from a psychological perspective. Its teachings or reflections connect inner practice with relationships and responsibilities in the world. The work continues to shape how general readers understand its subject and the language used to discuss it."
1348,The Case for God,Karen Armstrong,Religion Spirituality,"The history of religious practice is used to challenge modern assumptions about belief and certainty. Readers approach it for spiritual guidance, philosophical insight, historical influence, or all three. It is commonly recommended as an accessible starting point, even where some claims remain debated."
1349,The Tibetan Book of Living and Dying,Sogyal Rinpoche,Religion Spirituality,"Tibetan Buddhist teachings are presented as guidance for mortality, compassion, and end-of-life care. The work addresses meaning, suffering, ethical conduct, community, and the search for transcendence. Its lasting value comes from connecting specialized knowledge with choices people face in ordinary life."
1350,The Book of Joy,Dalai Lama and Desmond Tutu with Douglas Abrams,Religion Spirituality,Two spiritual leaders discuss how people can cultivate joy while facing suffering. Its teachings or reflections connect inner practice with relationships and responsibilities in the world. The book has reached a broad audience by making a complex subject easier to examine and debate.
