training_id,post_id,source_post_id,book_id,content,content_type,writing_style,genre,origin,label_reason
1,600023,,1161,Try this when you want thoughtful children's fiction. A gentle bear and his friends share small adventures in the Hundred Acre Wood.,recommendation,short,Children,generated_recommendation_v2,Explicitly advises another reader using diversified recommendation wording.
2,600134,,1017,i tell my friend give this a chance because it got real ideas an envoy struggles to understand a planet whose people do not have fixed genders. some part is messy but the consequence make it worth finish,recommendation,imperfect,Science Fiction,generated_recommendation_v2,Explicitly advises another reader using diversified recommendation wording.
3,500317,500317,1242,"I approached this knowing the broad history, yet the personal details changed how I understood it. The central material—a woman raised in an isolated survivalist family pursues schooling and rebuilds her understanding of the past—gave the cultural context a clear human focus. The wider implications helped connect the individual experience with larger events, although one important transition needed more explanation. I could predict the direction too early. The smaller observations carried more emotional weight than the broadest conclusions. The material stayed with me because it was specific enough to resist an easy conclusion. I also appreciated the moments when the account resisted an easy lesson and allowed uncertainty to remain part of the record. Whose perspective was missing from the account?",discussion,long,Biography Memoir,existing_post,Asks a question or directly requests another reader's opinion.
4,500139,500139,1228,"I read this during my commute, and the account of how trade routes across Asia are placed at the center of world history and cultural exchange gave the wider history a human scale. Whose perspective was missing from the account?",discussion,casual,History,existing_post,Asks a question or directly requests another reader's opinion.
5,501663,501663,1160,i really thought i could handle a story where a lonely orphan discovers a hidden garden and helps restore a household's hope. absolutely not 😭,review,slang,Children,existing_hard_negative,Expresses a reaction without advising another reader; added after a false recommendation prediction.
6,502662,502662,1178,"I took notes while reading, expecting a quick overview, but I ended up taking more notes than planned. The central explanation—long-term passion and persistence are examined as important parts of achievement—gave the limitations a clear direction. The real-world examples made the idea easier to understand, although the real-world examples moved from observation to conclusion too quickly for me. I lost patience with how long the conflict was delayed. Even where I disagreed, the language gave me a better way to identify the issue in ordinary life. I marked the most practical pages because they were immediately applicable, then marked several others because I wanted to verify them. The examples were useful, but do they apply outside the cases chosen?",discussion,long,Self Development,existing_post,Asks a question or directly requests another reader's opinion.
7,501885,501885,1041,i really thought i could handle a story where a medieval friar investigates deaths in an abbey filled with theological disputes and hidden texts. absolutely not 🫠,review,slang,Mystery Thriller,existing_hard_negative,Expresses a reaction without advising another reader; added after a false recommendation prediction.
8,600018,,1156,"A brilliant neglected child discovers unusual powers and challenges cruel adults. easy rec for the children's fiction crowd imo. it got messy but like, the interesting kind of messy.",recommendation,slang,Children,generated_recommendation_v2,Explicitly advises another reader using diversified recommendation wording.
9,500015,500015,1137,What stayed with me was the reaction to this situation: a journalist investigates a cursed videotape said to kill viewers after seven days. That made the emotional consequences feel personal rather than mechanical. It was interesting and frustrating in almost equal amounts.,review,polished,Horror Gothic,existing_post,Evaluates the story or argument without advising readership or inviting a response.
10,500055,500055,1029,I read this with my book club and immediately needed someone to discuss this with: a woman's disappearance turns her marriage into a public mystery shaped by lies and manipulation. Would the conflict have happened without that one avoidable decision?,discussion,casual,Mystery Thriller,existing_post,Asks a question or directly requests another reader's opinion.
11,600035,,1045,"Give this a chance; the central idea has weight. Private detective Philip Marlowe enters a wealthy family's web of blackmail, disappearance, and murder.",recommendation,short,Crime Detective,generated_recommendation_v2,Explicitly advises another reader using diversified recommendation wording.
12,600140,,1254,read this when you want something that stay in your mind scientific history and astronomy are woven into a tour of humanity's place in the universe. some part is messy but the consequence make it worth finish,recommendation,imperfect,Science Nature,generated_recommendation_v2,Explicitly advises another reader using diversified recommendation wording.
13,501506,501506,1209,"This took me longer than expected because I kept pausing to compare the argument with my own experience. The central explanation—a step-by-step plan focuses on emergency savings, debt repayment, and household budgeting—gave the limitations a clear direction. The real-world examples made the idea easier to understand, although the real-world examples moved from observation to conclusion too quickly for me. I kept changing my mind about whether it worked. I appreciated the concrete cases because they made it easier to separate a useful framework from the larger promises. The framework is memorable enough that I caught myself using it later, which is useful even if the evidence deserves another source. The practical advice sounds reasonable, although the limits matter.",review,long,Finance Investing,existing_post,Evaluates the story or argument without advising readership or inviting a response.
14,501465,501465,1313,"My quick take: essays analyze gendered authority, silencing, violence, and public conversation. Strong perspective, a few unanswered questions, and plenty to sit with.",review,casual,Essays Journalism,existing_hard_negative,Expresses a reaction without advising another reader; added after a false recommendation prediction.
15,500641,500641,1238,"I read this with my book club, and the account of how archaeological evidence challenges simple stories about the origins of cities, hierarchy, and states gave the wider history a human scale. Whose perspective was missing from the account?",discussion,casual,History,existing_replacement_discussion,Directly asks another reader for an opinion or interpretation.
16,501923,501923,1051,"A brilliant neighborhood investigator in East Long Beach takes a case involving a threatened rapper. Yeah, I need somebody else's opinion.",discussion,short,Crime Detective,existing_post,Asks a question or directly requests another reader's opinion.
17,600131,,1063,Recommended for readers who enjoy romance. The son of a U.,recommendation,short,Romance,generated_recommendation_v2,Explicitly advises another reader using diversified recommendation wording.
18,600083,,1127,Try this when you want thoughtful horror and gothic fiction. A group of friends fights a Transylvanian count who brings predatory evil to England.,recommendation,short,Horror Gothic,generated_recommendation_v2,Explicitly advises another reader using diversified recommendation wording.
19,600062,,1267,"you should try this one when you want health and wellness four meals reveal the industrial, organic, and ecological systems behind modern food. the main situation keep me interested and give lot to think about",recommendation,imperfect,Health Wellness,generated_recommendation_v2,Explicitly advises another reader using diversified recommendation wording.
20,500054,500054,1089,"I admired the patience given to the emotional consequences after twins in Kerala confront the lasting damage of family secrets, caste, and forbidden love, even when the final decision became uneven. The result was frustrating in a productive way.",review,polished,Literary Fiction,existing_post,Evaluates the story or argument without advising readership or inviting a response.
21,600175,,1142,"If you want some young adult fiction with real consequences, try this. The story centers on identity, friendship, injustice, and the difficult movement toward independence. The consequences are what made the whole thing stick for me.",recommendation,casual,Young Adult,generated_recommendation_v2,Explicitly advises another reader using diversified recommendation wording.
22,501550,501550,1219,"I read this during my commute, and the explanation that recurring social interactions are described as psychological games with hidden roles and rewards gave me a useful way to think about the subject. The practical advice sounds reasonable, although the limits matter.",review,casual,Psychology,existing_hard_negative,Expresses a reaction without advising another reader; added after a false recommendation prediction.
23,500453,500453,1011,I read this with my book club and immediately needed someone to discuss this with: women from rival cultures confront political division and the return of a destructive dragon. Was the ending meant to feel hopeful or just unresolved?,discussion,casual,Fantasy,existing_post,Asks a question or directly requests another reader's opinion.
24,600167,,1113,I would suggest this despite a few rough edges. An aging reader of chivalric tales becomes a wandering knight and mistakes imagination for reality.,recommendation,short,World Classics,generated_recommendation_v2,Explicitly advises another reader using diversified recommendation wording.
25,503548,503548,1333,"I went in knowing only the basic premise, and the explanation that artificial intelligence and biotechnology are framed as powerful technologies that societies must contain gave me a useful way to think about the subject. The framework is memorable, but real life seems messier.",review,casual,Technology Future,existing_hard_negative,Expresses a reaction without advising another reader; added after a false recommendation prediction.
26,600022,,1160,A lonely orphan discovers a hidden garden and helps restore a household's hope. This belongs on the reading list of anyone exploring children's fiction. The consequences remain more memorable than the easiest interpretation.,recommendation,polished,Children,generated_recommendation_v2,Explicitly advises another reader using diversified recommendation wording.
27,500574,500574,1034,"I finished this a few hours ago and still do not have a clean rating in mind. The central situation—an ambitious young man enters a wealthy circle and uses deception to preserve his new life—worked because it gave the moral conflict real consequences instead of treating the conflict as background. The pacing made the stakes feel personal, although a few important changes needed more room to develop. I liked how the consequences were allowed to stay complicated. I went back to an earlier scene because the later context changed how I understood it. A friend asked whether I liked it, and I realized I had spent five minutes explaining the central problem without answering. Would the conflict have happened without that one avoidable decision?",discussion,long,Mystery Thriller,existing_post,Asks a question or directly requests another reader's opinion.
28,501079,501079,1324,"I went in knowing only the basic premise, and the explanation that possible futures involving artificial intelligence are explored through technical, social, and ethical questions gave me a useful way to think about the subject. The framework is memorable, but real life seems messier.",review,casual,Technology Future,existing_hard_negative,Expresses a reaction without advising another reader; added after a false recommendation prediction.
29,502106,502106,1305,"I read this with my book club, and the account of how a youthful walk across 1930s Europe captures landscapes and cultures before war transformed them gave the wider history a human scale. Whose perspective was missing from the account?",discussion,casual,Travel Geography,existing_post,Asks a question or directly requests another reader's opinion.
30,600102,,1034,"An ambitious young man enters a wealthy circle and uses deception to preserve his new life. ok yeah put this on your list fr. it got messy but like, the interesting kind of messy.",recommendation,slang,Mystery Thriller,generated_recommendation_v2,Explicitly advises another reader using diversified recommendation wording.
31,502368,502368,1100,The most effective scenes begin with the fact that thomas Cromwell rises through Tudor politics as Henry VIII seeks to end his marriage and then refuse to explain every emotion. The point felt more convincing than the people making it. I need to know whether anyone else trusted that explanation.,discussion,polished,Historical Fiction,existing_post,Asks a question or directly requests another reader's opinion.
32,501744,501744,1196,"I kept stopping to compare this idea with my own experience: amazon's rise is traced through Jeff Bezos's ambition, strategy, and demanding company culture. I kept returning to that part after finishing. The examples were useful, but do they apply outside the cases chosen?",discussion,casual,Business Entrepreneurship,existing_post,Asks a question or directly requests another reader's opinion.
33,600112,,1212,"Common principles of persuasion are explained through experiments, observation, and real-world examples. The consequences remain more memorable than the easiest interpretation. This belongs on the reading list of anyone exploring psychology.",recommendation,polished,Psychology,generated_recommendation_v2,Explicitly advises another reader using diversified recommendation wording.
34,600071,,1101,"Recommended for readers who enjoy historical fiction. A girl sold into a Kyoto geisha house recounts her training, rivalry, and survival.",recommendation,short,Historical Fiction,generated_recommendation_v2,Explicitly advises another reader using diversified recommendation wording.
35,501358,501358,1331,"I kept stopping to compare this idea with my own experience: communication industries are shown cycling between open innovation and concentrated control. It gave me more to think about than I expected. The framework is memorable, but real life seems messier.",review,casual,Technology Future,existing_hard_negative,Expresses a reaction without advising another reader; added after a false recommendation prediction.
36,600121,,1340,"I'd tell a friend to try this if they're into religion and spirituality. Brief poetic passages reflect on the Way, humility, natural action, and wise leadership. The setup gave me way more to think about than I expected.",recommendation,casual,Religion Spirituality,generated_recommendation_v2,Explicitly advises another reader using diversified recommendation wording.
37,501457,501457,1140,The most effective scenes begin with the fact that four Native American men are pursued by the consequences of a forbidden hunt and then refuse to explain every emotion. Some parts landed and others felt too convenient. I need to know whether anyone else trusted that explanation.,discussion,polished,Horror Gothic,existing_replacement_discussion,Directly asks another reader for an opinion or interpretation.
38,500035,500035,1154,"The premise that a traumatized teenager becomes isolated at school and slowly finds a way to tell the truth creates an immediate source of tension. The strongest material comes from the pacing, while the character choices feels slightly compressed. The setup was stronger than the final payoff. I am still unsure whether the last reveal improved the story.",review,polished,Young Adult,existing_post,Evaluates the story or argument without advising readership or inviting a response.
39,502130,502130,1100,"I expected a fairly simple experience, but the specific setup kept giving me more to argue with. The central situation—thomas Cromwell rises through Tudor politics as Henry VIII seeks to end his marriage—worked because it gave the pacing real consequences instead of treating the conflict as background. The character choices made the stakes feel personal, although a few important changes needed more room to develop. The setup was stronger than the final payoff. I went back to an earlier scene because the later context changed how I understood it. I could understand two opposing reactions to the pacing, which is probably why that part stayed with me. I am still unsure whether the last reveal improved the story.",review,long,Historical Fiction,existing_post,Evaluates the story or argument without advising readership or inviting a response.
40,600008,,1246,"not perfect but still i recommend it interviews trace the apple cofounder's creativity, intensity, relationships, and influence on technology. the main situation keep me interested and give lot to think about",recommendation,imperfect,Biography Memoir,generated_recommendation_v2,Explicitly advises another reader using diversified recommendation wording.
41,600032,,1078,you should try this one when you want contemporary fiction twin sisters choose different racial identities and create consequences across two generations. the main situation keep me interested and give lot to think about,recommendation,imperfect,Contemporary Fiction,generated_recommendation_v2,Explicitly advises another reader using diversified recommendation wording.
42,501583,501583,1336,"this say that ideas from computer science are applied to everyday choices involving search, scheduling, and uncertainty and explain it good but sometime repeat same point alot",review,imperfect,Technology Future,existing_hard_negative,Expresses a reaction without advising another reader; added after a false recommendation prediction.
43,600179,,1146,This one is worth trying and discussing afterward. Two Mexican American boys build a friendship that changes how they understand themselves.,recommendation,short,Young Adult,generated_recommendation_v2,Explicitly advises another reader using diversified recommendation wording.
44,500465,500465,1019,The most effective scenes begin with the fact that a damaged hacker is hired for a dangerous mission in a world of cyberspace and corporate power and then refuse to explain every emotion. Some parts landed and others felt too convenient. I need to know whether anyone else trusted that explanation.,discussion,polished,Science Fiction,existing_post,Asks a question or directly requests another reader's opinion.
45,500024,500024,1011,dont know if i loved it but watching how women from rival cultures confront political division and the return of a destructive dragon definately give me alot to think about,review,imperfect,Fantasy,existing_post,Evaluates the story or argument without advising readership or inviting a response.
46,500527,500527,1324,"i was not expect the explanation that possible futures involving artificial intelligence are explored through technical, social, and ethical questions to be useful. some conclusion is too easy tho",review,imperfect,Technology Future,existing_hard_negative,Expresses a reaction without advising another reader; added after a false recommendation prediction.
47,500772,500772,1337,"My quick take: a collection of sacred writings tells histories, laws, poetry, prophecy, teachings, and early Christian accounts. Strong perspective, a few unanswered questions, and plenty to sit with.",review,casual,Religion Spirituality,existing_hard_negative,Expresses a reaction without advising another reader; added after a false recommendation prediction.
48,600025,,1071,"If you want some contemporary fiction with real consequences, try this. An Afghan man returns to the consequences of a childhood betrayal and searches for redemption. The consequences are what made the whole thing stick for me.",recommendation,casual,Contemporary Fiction,generated_recommendation_v2,Explicitly advises another reader using diversified recommendation wording.
49,600126,,1058,An independent governess falls for her employer while guarding her dignity and confronting his secret. I'd send this straight to the group chat tbh. the setup had me locked in and the consequences actually stayed with me.,recommendation,slang,Romance,generated_recommendation_v2,Explicitly advises another reader using diversified recommendation wording.
50,600146,,1169,"you can try this one, it explain the main idea good small changes are presented as a practical way to build useful habits and break harmful ones. it stay in my mind after and that is why i suggest it",recommendation,imperfect,Self Development,generated_recommendation_v2,Explicitly advises another reader using diversified recommendation wording.
51,500441,500441,1172,"I read this with my book club, and the explanation that mindful attention to the present is offered as a path away from anxious and repetitive thought gave me a useful way to think about the subject. The examples were useful, but do they apply outside the cases chosen?",discussion,casual,Self Development,existing_post,Asks a question or directly requests another reader's opinion.
52,500247,500247,1013,I went in knowing only the basic premise and immediately needed someone to discuss this with: a girl in medieval Russia protects old spirits as fear and religious conflict threaten her village. Why did nobody have an honest conversation sooner?,discussion,casual,Fantasy,existing_post,Asks a question or directly requests another reader's opinion.
53,502391,502391,1112,The most effective scenes begin with the fact that an English pilot enters the dangerous politics of feudal Japan at the start of the seventeenth century and then refuse to explain every emotion. The smaller reactions made the situation believable. I need to know whether anyone else trusted that explanation.,discussion,polished,Historical Fiction,existing_replacement_discussion,Directly asks another reader for an opinion or interpretation.
54,600084,,1128,"A scientist creates life and abandons the intelligent being who then demands recognition. still thinking about the choices, so clearly it did something right. this gets a solid yes from me, go try it.",recommendation,slang,Horror Gothic,generated_recommendation_v2,Explicitly advises another reader using diversified recommendation wording.
55,600148,,1171,"Examples and guidelines explain how attention, respect, and empathy can improve communication. The consequences remain more memorable than the easiest interpretation. This is one I can recommend without pretending it is flawless.",recommendation,polished,Self Development,generated_recommendation_v2,Explicitly advises another reader using diversified recommendation wording.
56,500090,500090,1026,I was most interested in how the consequences developed after human survivors search for a home while an uplifted spider civilization develops on a distant planet. The conflict remained convincing because nobody had a completely safe choice. I respected the idea more than I enjoyed reading it.,review,polished,Science Fiction,existing_post,Evaluates the story or argument without advising readership or inviting a response.
57,503326,503326,1159,Still thinking about this setup: a pilot meets a young traveler whose stories reveal lessons about love and responsibility.,review,short,Children,existing_hard_negative,Expresses a reaction without advising another reader; added after a false recommendation prediction.
58,600125,,1057,Give this a chance; the central idea has weight. Elizabeth Bennet and Mr.,recommendation,short,Romance,generated_recommendation_v2,Explicitly advises another reader using diversified recommendation wording.
59,600056,,1198,"you can try this one, it explain the main idea good contrasting financial attitudes introduce ideas about assets, liabilities, work, and ownership. it stay in my mind after and that is why i suggest it",recommendation,imperfect,Finance Investing,generated_recommendation_v2,Explicitly advises another reader using diversified recommendation wording.
60,600040,,1050,A federal agent returns to his drought-stricken hometown and reopens questions about an apparent family murder. The premise gives the conflict a clear direction without settling every question. My recommendation is simple: give this a thoughtful chance.,recommendation,polished,Crime Detective,generated_recommendation_v2,Explicitly advises another reader using diversified recommendation wording.
61,503384,503384,1219,I kept stopping to compare this idea with my own experience: recurring social interactions are described as psychological games with hidden roles and rewards. I respected the idea more than I enjoyed reading it. One chapter clarified the idea and the next oversimplified it.,review,casual,Psychology,existing_hard_negative,Expresses a reaction without advising another reader; added after a false recommendation prediction.
62,502862,502862,1324,"maybe i miss something but saying possible futures involving artificial intelligence are explored through technical, social, and ethical questions go further then some of the evidence",review,imperfect,Technology Future,existing_hard_negative,Expresses a reaction without advising another reader; added after a false recommendation prediction.
63,600042,,1310,"An extended essay argues that women writers need financial independence and private space. ok yeah put this on your list fr. it got messy but like, the interesting kind of messy.",recommendation,slang,Essays Journalism,generated_recommendation_v2,Explicitly advises another reader using diversified recommendation wording.
64,500172,500172,1308,"My quick take: long-term independent travel is presented as a deliberate way of using time and engaging with place. Strong perspective, a few unanswered questions, and plenty to sit with.",review,casual,Travel Geography,existing_hard_negative,Expresses a reaction without advising another reader; added after a false recommendation prediction.
65,600069,,1099,"This would be my pick for someone seeking historical fiction that rewards a slower response. A young German soldier experiences the physical and emotional destruction of World War I. The central situation develops into consequences that are difficult to reduce to one lesson. I had reservations, but those reservations made the experience more discussable rather than disposable.",recommendation,long,Historical Fiction,generated_recommendation_v2,Explicitly advises another reader using diversified recommendation wording.
66,500903,500903,1007,"This took longer than usual because I kept pausing whenever somebody made another avoidable decision. The central situation—an ex-convict becomes entangled in a conflict between old deities and modern forms of worship—worked because it gave the final decision real consequences instead of treating the conflict as background. The pacing made the stakes feel personal, although a few important changes needed more room to develop. I kept changing my mind about whether it worked. I appreciated that the people involved could be sympathetic and frustrating at the same time. A friend asked whether I liked it, and I realized I had spent five minutes explaining the central problem without answering. Why did nobody have an honest conversation sooner?",discussion,long,Fantasy,existing_post,Asks a question or directly requests another reader's opinion.
67,600166,,1301,"The life and death of a young traveler in Alaska are reconstructed through reporting and personal reflection. For a reader beginning with travel and geography, this offers a strong entry point. Its central situation creates enough tension to support a serious conversation.",recommendation,polished,Travel Geography,generated_recommendation_v2,Explicitly advises another reader using diversified recommendation wording.
68,502165,502165,1161,okay so a gentle bear and his friends share small adventures in the Hundred Acre Wood and somehow i still thought this would be a chill read 💀,review,slang,Children,existing_hard_negative,Expresses a reaction without advising another reader; added after a false recommendation prediction.
69,600138,,1021,"An astronaut stranded on Mars uses science and humor to survive until rescue is possible. easy rec for the science fiction crowd imo. it got messy but like, the interesting kind of messy.",recommendation,slang,Science Fiction,generated_recommendation_v2,Explicitly advises another reader using diversified recommendation wording.
70,502150,502150,1065,The setup where a teenager experiences an intense summer romance with a visiting scholar in Italy? I was invested immediately.,review,short,Romance,existing_corrected_label,Uses a rhetorical question to express enthusiasm rather than requesting a response.
71,503289,503289,1123,The most effective scenes begin with the fact that the devil visits Soviet Moscow while a parallel story revisits Pontius Pilate and then refuse to explain every emotion. The setup was stronger than the final payoff. I want another reader's opinion on who was actually responsible.,discussion,polished,World Classics,existing_post,Asks a question or directly requests another reader's opinion.
72,600016,,1190,"Successful firms are shown failing when disruptive technologies first appear small or unprofitable. Its central situation creates enough tension to support a serious conversation. For a reader beginning with business and entrepreneurship, this offers a strong entry point.",recommendation,polished,Business Entrepreneurship,generated_recommendation_v2,Explicitly advises another reader using diversified recommendation wording.
73,600150,,1173,"A classic success manual links clear goals, persistence, and belief with achievement. if you want self-development, this is the move. still thinking about the choices, so clearly it did something right.",recommendation,slang,Self Development,generated_recommendation_v2,Explicitly advises another reader using diversified recommendation wording.
74,500627,500627,1042,i really thought i could handle a story where a detective investigates a child's murder near the place where his own friends vanished years earlier. absolutely not 👀,review,slang,Mystery Thriller,existing_hard_negative,Expresses a reaction without advising another reader; added after a false recommendation prediction.
75,503465,503465,1346,"this describe how a spiritual teacher recounts his life, mentors, mystical experiences, and introduction of yoga to the West and some part is hard to read but important",review,imperfect,Religion Spirituality,existing_hard_negative,Expresses a reaction without advising another reader; added after a false recommendation prediction.
76,600017,,1155,I would suggest this despite a few rough edges. A clever spider writes messages to save a beloved pig from slaughter.,recommendation,short,Children,generated_recommendation_v2,Explicitly advises another reader using diversified recommendation wording.
77,500559,500559,1067,"This took longer than usual because I kept pausing whenever somebody made another avoidable decision. The central situation—a genetics professor creates a logical plan to find a wife and meets someone who disrupts it—worked because it gave the quieter scenes real consequences instead of treating the conflict as background. The moral conflict made the stakes feel personal, although a few important changes needed more room to develop. The point felt more convincing than the people making it. I appreciated that the people involved could be sympathetic and frustrating at the same time. The discussion in my head has lasted longer than the final chapter, so the story clearly did something effective. I want another reader's opinion on who was actually responsible.",discussion,long,Romance,existing_post,Asks a question or directly requests another reader's opinion.
78,500845,500845,1264,"this say that short chapters introduce major ideas about matter, space, gravity, and cosmic history and explain it good but sometime repeat same point alot",review,imperfect,Science Nature,existing_hard_negative,Expresses a reaction without advising another reader; added after a false recommendation prediction.
79,600053,,1006,Try this when you want thoughtful fantasy. A legendary musician and magician recounts the difficult path that made him famous.,recommendation,short,Fantasy,generated_recommendation_v2,Explicitly advises another reader using diversified recommendation wording.
80,503243,503243,1243,"I read this with my book club, and the account of how the narrator X narrates his transformation from a troubled youth into an influential political leader gave the wider history a human scale. Whose perspective was missing from the account?",discussion,casual,Biography Memoir,existing_post,Asks a question or directly requests another reader's opinion.
81,600089,,1133,This one is worth trying and discussing afterward. A mother seeks religious help when her daughter appears to be possessed.,recommendation,short,Horror Gothic,generated_recommendation_v2,Explicitly advises another reader using diversified recommendation wording.
82,600088,,1132,A young bride enters an estate dominated by the memory of her husband's first wife. The consequences remain more memorable than the easiest interpretation. This is one I can recommend without pretending it is flawless.,recommendation,polished,Horror Gothic,generated_recommendation_v2,Explicitly advises another reader using diversified recommendation wording.
83,600049,,1002,"This is an easy recommendation if fantasy is your thing. A fellowship carries a dangerous ring toward destruction while war spreads across Middle-earth. I had complaints, but I was still talking about it later.",recommendation,casual,Fantasy,generated_recommendation_v2,Explicitly advises another reader using diversified recommendation wording.
84,600136,,1019,"A damaged hacker is hired for a dangerous mission in a world of cyberspace and corporate power. Its central situation creates enough tension to support a serious conversation. For a reader beginning with science fiction, this offers a strong entry point.",recommendation,polished,Science Fiction,generated_recommendation_v2,Explicitly advises another reader using diversified recommendation wording.
85,501229,501229,1157,"I finished this a few hours ago and still do not have a clean rating in mind. The central situation—a poor boy wins a tour of an extraordinary and dangerous chocolate factory—worked because it gave the final decision real consequences instead of treating the conflict as background. The emotional consequences made the stakes feel personal, although a few important changes needed more room to develop. I liked how the consequences were allowed to stay complicated. Even my complaints came from caring about what would happen next. The more I considered the final choice, the less certain I became about who had the better alternative. Did the character really change, or only run out of alternatives?",discussion,long,Children,existing_post,Asks a question or directly requests another reader's opinion.
86,600066,,1271,"Communities with unusual longevity are studied for patterns involving food, movement, purpose, and connection. I'd send this straight to the group chat tbh. the setup had me locked in and the consequences actually stayed with me.",recommendation,slang,Health Wellness,generated_recommendation_v2,Explicitly advises another reader using diversified recommendation wording.
87,500245,500245,1106,"The setup—mary Boleyn competes for attention and survival within the court of Henry VIII—could have felt familiar, but the pacing made it specific. I am still uncertain about the final decision.",review,polished,Historical Fiction,existing_post,Evaluates the story or argument without advising readership or inviting a response.
88,503985,503985,1326,"I kept stopping to compare this idea with my own experience: accelerating technological change is projected toward a future of merged biological and machine intelligence. I finished with more annoyance than curiosity. The practical advice sounds reasonable, although the limits matter.",review,casual,Technology Future,existing_hard_negative,Expresses a reaction without advising another reader; added after a false recommendation prediction.
89,500166,500166,1106,"I read this with my book club, and my opinion changed several times before I reached the end. The central situation—mary Boleyn competes for attention and survival within the court of Henry VIII—worked because it gave the moral conflict real consequences instead of treating the conflict as background. The quieter scenes made the stakes feel personal, although a few important changes needed more room to develop. I kept changing my mind about whether it worked. Even my complaints came from caring about what would happen next. I marked several pages because I partly agreed with the decision and partly wanted to argue with it. Would the conflict have happened without that one avoidable decision?",discussion,long,Historical Fiction,existing_post,Asks a question or directly requests another reader's opinion.
90,600129,,1061,"This would be my pick for someone seeking romance that rewards a slower response. A cheerful caregiver and a wealthy disabled man change each other's views of life and choice. The central situation develops into consequences that are difficult to reduce to one lesson. I had reservations, but those reservations made the experience more discussable rather than disposable.",recommendation,long,Romance,generated_recommendation_v2,Explicitly advises another reader using diversified recommendation wording.
91,500702,500702,1223,"I read this with my book club, and the explanation that a therapist describes her clients and her own experience receiving therapy gave me a useful way to think about the subject. The framework is memorable, but real life seems messier.",review,casual,Psychology,existing_hard_negative,Expresses a reaction without advising another reader; added after a false recommendation prediction.
92,502887,502887,1222,"I approached this with some skepticism because the subject often attracts very confident claims. The central explanation—situations, systems, and group roles are examined as forces that can encourage harmful behavior—gave the limitations a clear direction. The real-world examples made the idea easier to understand, although the main framework moved from observation to conclusion too quickly for me. I understood the point, but the execution still felt uneven. The strongest sections admitted uncertainty, while the weaker ones sounded as if one method would fit everybody. I will probably revisit the clearest chapter, but I would pair it with a source that gives more attention to disagreement and limitations. The examples were useful, but do they apply outside the cases chosen?",discussion,long,Psychology,existing_post,Asks a question or directly requests another reader's opinion.
93,502628,502628,1127,The setup where a group of friends fights a Transylvanian count who brings predatory evil to England? I was invested immediately.,review,short,Horror Gothic,existing_corrected_label,Uses a rhetorical question to express enthusiasm rather than requesting a response.
94,501899,501899,1319,"This took longer than expected because several passages deserved more attention than a quick reading. The central material—political and literary the central subject examine power, language, class, empire, and the responsibilities of writing—gave the cultural context a clear human focus. The historical context helped connect the individual experience with larger events, although one important transition needed more explanation. I wanted the story to challenge that choice more. I went back to an earlier section because later context changed how I understood it. The context made familiar events feel less settled and much more connected to ordinary lives. I also appreciated the moments when the account resisted an easy lesson and allowed uncertainty to remain part of the record. Whose perspective was missing from the account?",discussion,long,Essays Journalism,existing_post,Asks a question or directly requests another reader's opinion.
95,500798,500798,1336,"I went in knowing only the basic premise, and the explanation that ideas from computer science are applied to everyday choices involving search, scheduling, and uncertainty gave me a useful way to think about the subject. One chapter clarified the idea and the next oversimplified it.",review,casual,Technology Future,existing_hard_negative,Expresses a reaction without advising another reader; added after a false recommendation prediction.
96,500885,500885,1101,"The setup where a girl sold into a Kyoto geisha house recounts her training, rivalry, and survival? I was invested immediately.",review,short,Historical Fiction,existing_corrected_label,Uses a rhetorical question to express enthusiasm rather than requesting a response.
97,503863,503863,1098,"Artists in Ottoman Istanbul confront murder, love, and conflict over changing styles of representation. Yeah, I need somebody else's opinion.",discussion,short,Literary Fiction,existing_post,Asks a question or directly requests another reader's opinion.
98,500381,500381,1191,"This took me longer than expected because I kept pausing to compare the argument with my own experience. The central explanation—companies are encouraged to create new demand rather than fight over crowded markets—gave the evidence a clear direction. The real-world examples made the idea easier to understand, although the limitations moved from observation to conclusion too quickly for me. The consequences felt lighter than they should have. The strongest sections admitted uncertainty, while the weaker ones sounded as if one method would fit everybody. The framework is memorable enough that I caught myself using it later, which is useful even if the evidence deserves another source. The strongest point was also the one I wanted challenged more.",review,long,Business Entrepreneurship,existing_post,Evaluates the story or argument without advising readership or inviting a response.
99,500518,500518,1024,Still thinking about this setup: a hacker and courier investigates a digital virus spreading through a corporate-controlled future.,review,short,Science Fiction,existing_hard_negative,Expresses a reaction without advising another reader; added after a false recommendation prediction.
100,500202,500202,1115,What stayed with me was the reaction to this situation: a married aristocrat pursues love outside social rules while another couple seeks a quieter life. That made the ending feel personal rather than mechanical. The good moments carried a middle that dragged.,review,polished,World Classics,existing_post,Evaluates the story or argument without advising readership or inviting a response.
101,501485,501485,1181,"I kept stopping to compare this idea with my own experience: a disciplined method helps readers identify what matters and remove less important commitments. It gave me more to think about than I expected. The framework is memorable, but real life seems messier.",review,casual,Self Development,existing_hard_negative,Expresses a reaction without advising another reader; added after a false recommendation prediction.
102,600093,,1088,"This earns my recommendation because it offers more than a quick, comfortable answer. Generations of the Buendía family repeat patterns of love, ambition, and loss in Macondo. The central situation develops into consequences that are difficult to reduce to one lesson. I had reservations, but those reservations made the experience more discussable rather than disposable.",recommendation,long,Literary Fiction,generated_recommendation_v2,Explicitly advises another reader using diversified recommendation wording.
103,600162,,1297,"Two unprepared friends hike sections of the Appalachian Trail and reflect on the landscape. ok yeah put this on your list fr. it got messy but like, the interesting kind of messy.",recommendation,slang,Travel Geography,generated_recommendation_v2,Explicitly advises another reader using diversified recommendation wording.
104,501220,501220,1304,"My quick take: essays connect ordinary travel experiences with art, philosophy, anticipation, and attention. Strong perspective, a few unanswered questions, and plenty to sit with.",review,casual,Travel Geography,existing_hard_negative,Expresses a reaction without advising another reader; added after a false recommendation prediction.
105,503023,503023,1235,The central subject—the East India Company's rise shows how a corporation conquered and governed large parts of India—is presented with enough detail to support more than one interpretation. Whose perspective was missing from the account?,discussion,polished,History,existing_post,Asks a question or directly requests another reader's opinion.
106,600178,,1145,Two isolated teenagers form a relationship during one difficult school year. This is one I can recommend without pretending it is flawless. The consequences remain more memorable than the easiest interpretation.,recommendation,polished,Young Adult,generated_recommendation_v2,Explicitly advises another reader using diversified recommendation wording.
107,503129,503129,1299,"I read this with my book club, and the account of how young wanderers cross the United States in search of freedom, experience, and intensity gave the wider history a human scale. Whose perspective was missing from the account?",discussion,casual,Travel Geography,existing_post,Asks a question or directly requests another reader's opinion.
108,600101,,1033,Recommended for readers who enjoy mystery and thriller fiction. A drawing teacher encounters a distressed woman and uncovers a conspiracy involving identity and inheritance.,recommendation,short,Mystery Thriller,generated_recommendation_v2,Explicitly advises another reader using diversified recommendation wording.
109,500708,500708,1009,"Four siblings enter a frozen realm and join a struggle against an evil queen. Yeah, I need somebody else's opinion.",discussion,short,Fantasy,existing_post,Asks a question or directly requests another reader's opinion.
110,501866,501866,1054,"The premise that a drifter and a married woman plan a murder whose consequences keep closing around them creates an immediate source of tension. The strongest material comes from the quieter scenes, while the relationships feels slightly compressed. The idea worked much better than I expected. I need to know whether anyone else trusted that explanation.",discussion,polished,Crime Detective,existing_post,Asks a question or directly requests another reader's opinion.
111,600149,,1172,This one is worth trying and discussing afterward. Mindful attention to the present is offered as a path away from anxious and repetitive thought.,recommendation,short,Self Development,generated_recommendation_v2,Explicitly advises another reader using diversified recommendation wording.
112,600107,,1284,I would suggest this despite a few rough edges. Political legitimacy is grounded in collective agreement and the general will.,recommendation,short,Politics Society,generated_recommendation_v2,Explicitly advises another reader using diversified recommendation wording.
113,600052,,1005,A gifted young mage must confront the shadow released by his own pride. The consequences remain more memorable than the easiest interpretation. This belongs on the reading list of anyone exploring fantasy.,recommendation,polished,Fantasy,generated_recommendation_v2,Explicitly advises another reader using diversified recommendation wording.
114,500118,500118,1345,this describe how a series of talks presents a reasoned introduction to shared Christian beliefs and ethics and some part is hard to read but important,review,imperfect,Religion Spirituality,existing_hard_negative,Expresses a reaction without advising another reader; added after a false recommendation prediction.
115,503759,503759,1328,"The book argues that the internet's habits of attention are examined for their effects on reading and thought. That made sense, although the advice sometimes sounded too universal.",review,casual,Technology Future,existing_hard_negative,Expresses a reaction without advising another reader; added after a false recommendation prediction.
116,600123,,1342,"This earns my recommendation because it offers more than a quick, comfortable answer. Conversations connect Buddhist practice with psychological questions about compassion and well-being. The central situation develops into consequences that are difficult to reduce to one lesson. I had reservations, but those reservations made the experience more discussable rather than disposable.",recommendation,long,Religion Spirituality,generated_recommendation_v2,Explicitly advises another reader using diversified recommendation wording.
117,500363,500363,1077,"A wrongful conviction tests a newly married couple and the people connected to them. Yeah, I need somebody else's opinion.",discussion,short,Contemporary Fiction,existing_post,Asks a question or directly requests another reader's opinion.
118,502349,502349,1316,"I read this with my book club, and the account of how fragmented essays capture politics, culture, and instability in late-1960s and 1970s America gave the wider history a human scale. Whose perspective was missing from the account?",discussion,casual,Essays Journalism,existing_replacement_discussion,Directly asks another reader for an opinion or interpretation.
119,503624,503624,1041,i really thought i could handle a story where a medieval friar investigates deaths in an abbey filled with theological disputes and hidden texts. absolutely not 😭,review,slang,Mystery Thriller,existing_hard_negative,Expresses a reaction without advising another reader; added after a false recommendation prediction.
120,501659,501659,1152,"A student at boarding school becomes fascinated by a charismatic classmate and faces sudden loss. Yeah, I need somebody else's opinion.",discussion,short,Young Adult,existing_post,Asks a question or directly requests another reader's opinion.
121,600091,,1086,"I'd tell a friend to try this if they're into literary fiction. Its intimate conflicts open into broader questions about history, identity, and responsibility. The setup gave me way more to think about than I expected.",recommendation,casual,Literary Fiction,generated_recommendation_v2,Explicitly advises another reader using diversified recommendation wording.
122,503952,503952,1042,"A detective investigates a child's murder near the place where his own friends vanished years earlier. Yeah, I need somebody else's opinion.",discussion,short,Mystery Thriller,existing_post,Asks a question or directly requests another reader's opinion.
123,600143,,1257,Try this when you want thoughtful science and nature. Natural selection is presented as a mechanism explaining the diversity and adaptation of life.,recommendation,short,Science Nature,generated_recommendation_v2,Explicitly advises another reader using diversified recommendation wording.
124,503553,503553,1137,"A journalist investigates a cursed videotape said to kill viewers after seven days. Yeah, I need somebody else's opinion.",discussion,short,Horror Gothic,existing_post,Asks a question or directly requests another reader's opinion.
125,502359,502359,1297,"I went in knowing only the basic premise, and the account of how two unprepared friends hike sections of the Appalachian Trail and reflect on the landscape gave the wider history a human scale. Whose perspective was missing from the account?",discussion,casual,Travel Geography,existing_post,Asks a question or directly requests another reader's opinion.
126,600111,,1211,I would recommend this to a reader who enjoys psychology but still wants room to disagree. Decades of research explain how intuitive and deliberate thinking shape judgment and error. The strongest sections make the reader participate in the judgment instead of supplying a neat conclusion. Even the uneven moments gave me something concrete to argue about afterward.,recommendation,long,Psychology,generated_recommendation_v2,Explicitly advises another reader using diversified recommendation wording.
127,600132,,1015,"A young heir enters a desert world where politics, prophecy, and control of a vital resource collide. it got messy but like, the interesting kind of messy. ok yeah put this on your list fr.",recommendation,slang,Science Fiction,generated_recommendation_v2,Explicitly advises another reader using diversified recommendation wording.
128,502871,502871,1232,"I read this with my book club, and the account of how christian and Muslim campaigns for the Holy Land are narrated across two centuries gave the wider history a human scale. Whose perspective was missing from the account?",discussion,casual,History,existing_post,Asks a question or directly requests another reader's opinion.
129,500476,500476,1017,The most effective scenes begin with the fact that an envoy struggles to understand a planet whose people do not have fixed genders and then refuse to explain every emotion. The consequences felt lighter than they should have. I need to know whether anyone else trusted that explanation.,discussion,polished,Science Fiction,existing_post,Asks a question or directly requests another reader's opinion.
130,500104,500104,1131,What stayed with me was the reaction to this situation: investigators stay in a disturbing mansion whose influence is especially powerful over one guest. That made the final decision feel personal rather than mechanical. That detail gave the whole thing more emotional weight.,review,polished,Horror Gothic,existing_post,Evaluates the story or argument without advising readership or inviting a response.
131,600110,,1287,read this when you want something that stay in your mind mass incarceration is argued to function as a modern system of racial control in the united states. some part is messy but the consequence make it worth finish,recommendation,imperfect,Politics Society,generated_recommendation_v2,Explicitly advises another reader using diversified recommendation wording.
132,501039,501039,1118,"The premise that an ex-prisoner seeks a moral life while revolution, poverty, and relentless law shape nineteenth-century France creates an immediate source of tension. The strongest material comes from the character choices, while the moral conflict feels slightly compressed. The setup was stronger than the final payoff. I want another reader's opinion on who was actually responsible.",discussion,polished,World Classics,existing_post,Asks a question or directly requests another reader's opinion.
133,503297,503297,1004,The most effective scenes begin with the fact that noble families compete for power while an ancient danger returns beyond a northern wall and then refuse to explain every emotion. The consequences felt lighter than they should have. I need to know whether anyone else trusted that explanation.,discussion,polished,Fantasy,existing_post,Asks a question or directly requests another reader's opinion.
134,600045,,1313,"I would suggest this to someone who values essays and journalism with complicated consequences. Essays analyze gendered authority, silencing, violence, and public conversation. The premise provides an accessible way into the material while leaving the larger questions unsettled. That balance is why I would rather share it than simply summarize it.",recommendation,long,Essays Journalism,generated_recommendation_v2,Explicitly advises another reader using diversified recommendation wording.
135,500980,500980,1129,"The premise that a family's isolated winter in a hotel awakens supernatural forces and a father's violence creates an immediate source of tension. The strongest material comes from the quieter scenes, while the pacing feels slightly compressed. I wanted another chapter to develop the consequences. I need to know whether anyone else trusted that explanation.",discussion,polished,Horror Gothic,existing_post,Asks a question or directly requests another reader's opinion.
136,502695,502695,1141,The setup where a teenager is forced into a televised fight to the death and becomes a symbol of resistance? I was invested immediately.,review,short,Young Adult,existing_corrected_label,Uses a rhetorical question to express enthusiasm rather than requesting a response.
137,500222,500222,1152,"I came back after putting it down for a week, and my opinion changed several times before I reached the end. The central situation—a student at boarding school becomes fascinated by a charismatic classmate and faces sudden loss—worked because it gave the character choices real consequences instead of treating the conflict as background. The emotional consequences made the stakes feel personal, although a few important changes needed more room to develop. Some parts landed and others felt too convenient. The smaller reactions around the major events were more convincing than the big speeches. I could understand two opposing reactions to the character choices, which is probably why that part stayed with me. I am still unsure whether the last reveal improved the story.",review,long,Young Adult,existing_post,Evaluates the story or argument without advising readership or inviting a response.
138,502181,502181,1324,"i take few notes after reading that possible futures involving artificial intelligence are explored through technical, social, and ethical questions but dont agree with every conclusion",review,imperfect,Technology Future,existing_hard_negative,Expresses a reaction without advising another reader; added after a false recommendation prediction.
139,502744,502744,1040,"A marshal investigating a disappearance at an isolated hospital begins questioning his mission and memory. Yeah, I need somebody else's opinion.",discussion,short,Mystery Thriller,existing_post,Asks a question or directly requests another reader's opinion.
140,501078,501078,1111,"The biblical figure Dinah narrates women's lives and traditions largely absent from the original account. Yeah, I need somebody else's opinion.",discussion,short,Historical Fiction,existing_post,Asks a question or directly requests another reader's opinion.
141,500178,500178,1316,"The central subject—fragmented essays capture politics, culture, and instability in late-1960s and 1970s America—is presented with enough detail to support more than one interpretation. Whose perspective was missing from the account?",discussion,polished,Essays Journalism,existing_post,Asks a question or directly requests another reader's opinion.
142,503235,503235,1170,"I kept stopping to compare this idea with my own experience: a principle-centered framework connects personal responsibility with relationships and long-term effectiveness. I liked how the consequences were allowed to stay complicated. The examples were useful, but do they apply outside the cases chosen?",discussion,casual,Self Development,existing_post,Asks a question or directly requests another reader's opinion.
143,502842,502842,1250,The central subject—a graphic memoir follows a girl's childhood during the Iranian Revolution and her later life abroad—is presented with enough detail to support more than one interpretation. The historical context changed how I understood the personal choices.,review,polished,Biography Memoir,existing_hard_negative,Expresses a reaction without advising another reader; added after a false recommendation prediction.
144,500599,500599,1311,"A friend recommended this for the historical context, but the personal perspective mattered just as much. The central material—essays report on California, counterculture, identity, and social unease in the 1960s—gave the cultural context a clear human focus. The emotional honesty helped connect the individual experience with larger events, although one important transition needed more explanation. It was interesting and frustrating in almost equal amounts. The strongest pages connected private experience with history without turning either into a simple lesson. The material stayed with me because it was specific enough to resist an easy conclusion. I also appreciated the moments when the account resisted an easy lesson and allowed uncertainty to remain part of the record. Whose perspective was missing from the account?",discussion,long,Essays Journalism,existing_replacement_discussion,Directly asks another reader for an opinion or interpretation.
145,600139,,1253,"This is an easy recommendation if science and nature is your thing. Scientific ideas are explained through observation, evidence, history, and the people who produced the research. I had complaints, but I was still talking about it later.",recommendation,casual,Science Nature,generated_recommendation_v2,Explicitly advises another reader using diversified recommendation wording.
146,501446,501446,1068,"A photographer and an Iowa homemaker share a brief relationship that reshapes their lives. Yeah, I need somebody else's opinion.",discussion,short,Romance,existing_post,Asks a question or directly requests another reader's opinion.
147,503836,503836,1075,"Two families in a planned Ohio community collide over identity, motherhood, and belonging. Yeah, I need somebody else's opinion.",discussion,short,Contemporary Fiction,existing_post,Asks a question or directly requests another reader's opinion.
148,500093,500093,1338,"The central subject—islam's central scripture presents revelations concerning faith, worship, ethics, law, and community—is presented with enough detail to support more than one interpretation. The most personal section was also the one I trusted most.",review,polished,Religion Spirituality,existing_post,Evaluates the story or argument without advising readership or inviting a response.
149,600127,,1059,"Give this one a chance when you're in the mood for romance. The book examines intimacy, communication, and the risks people take for connection. The setup gave me way more to think about than I expected.",recommendation,casual,Romance,generated_recommendation_v2,Explicitly advises another reader using diversified recommendation wording.
150,502406,502406,1023,i really thought i could handle a story where scientists orbiting a mysterious planet confront physical manifestations of their memories and guilt. absolutely not 🥲,review,slang,Science Fiction,existing_hard_negative,Expresses a reaction without advising another reader; added after a false recommendation prediction.
151,500366,500366,1301,this describe how the life and death of a young traveler in Alaska are reconstructed through reporting and personal reflection and some part is hard to read but important,review,imperfect,Travel Geography,existing_hard_negative,Expresses a reaction without advising another reader; added after a false recommendation prediction.
152,600158,,1328,not perfect but still i recommend it the internet's habits of attention are examined for their effects on reading and thought. the main situation keep me interested and give lot to think about,recommendation,imperfect,Technology Future,generated_recommendation_v2,Explicitly advises another reader using diversified recommendation wording.
153,500020,500020,1321,"I finished this with a clearer sense of the events and more questions about how they are remembered. The central material—essays combine history, sociology, and autobiography to describe Black life after emancipation—gave the treatment of memory a clear human focus. The wider implications helped connect the individual experience with larger events, although one important transition needed more explanation. The setup was stronger than the final payoff. I appreciated that the people involved were shown as complicated rather than symbolic. The material stayed with me because it was specific enough to resist an easy conclusion. I also appreciated the moments when the account resisted an easy lesson and allowed uncertainty to remain part of the record. I wanted more context around one important transition.",review,long,Essays Journalism,existing_post,Evaluates the story or argument without advising readership or inviting a response.
154,502371,502371,1027,"I finished this a few hours ago and still do not have a clean rating in mind. The central situation—a woman forced into reproductive servitude narrates life under a patriarchal theocracy—worked because it gave the ending real consequences instead of treating the conflict as background. The final decision made the stakes feel personal, although a few important changes needed more room to develop. The tension felt earned instead of manufactured. I would rather have this kind of messy conflict than a neat ending with nothing to discuss. A friend asked whether I liked it, and I realized I had spent five minutes explaining the central problem without answering. Would the conflict have happened without that one avoidable decision?",discussion,long,Science Fiction,existing_post,Asks a question or directly requests another reader's opinion.
155,503568,503568,1348,"I read this during my commute, and the account of how the history of religious practice is used to challenge modern assumptions about belief and certainty gave the wider history a human scale. Whose perspective was missing from the account?",discussion,casual,Religion Spirituality,existing_post,Asks a question or directly requests another reader's opinion.
156,503518,503518,1055,okay so poirot investigates a village killing in a case famous for challenging detective-story expectations and somehow i still thought this would be a chill read 😬,review,slang,Crime Detective,existing_hard_negative,Expresses a reaction without advising another reader; added after a false recommendation prediction.
157,600119,,1338,"This one is worth trying and discussing afterward. Islam's central scripture presents revelations concerning faith, worship, ethics, law, and community.",recommendation,short,Religion Spirituality,generated_recommendation_v2,Explicitly advises another reader using diversified recommendation wording.
158,501685,501685,1154,i really thought i could handle a story where a traumatized teenager becomes isolated at school and slowly finds a way to tell the truth. absolutely not 👀,review,slang,Young Adult,existing_hard_negative,Expresses a reaction without advising another reader; added after a false recommendation prediction.
159,500782,500782,1070,"The most effective scenes begin with the fact that an aging film star reveals the loves, ambitions, and compromises behind her public image and then refuse to explain every emotion. The emotional turn felt rushed to me. I need to know whether anyone else trusted that explanation.",discussion,polished,Romance,existing_post,Asks a question or directly requests another reader's opinion.
160,500028,500028,1060,"The premise that an elderly man reads the story of a young couple separated by class and circumstance creates an immediate source of tension. The strongest material comes from the quieter scenes, while the final decision feels slightly compressed. I wanted another chapter to develop the consequences. I still cannot decide whether the final choice was fair.",review,polished,Romance,existing_post,Evaluates the story or argument without advising readership or inviting a response.
161,600117,,1217,"I would place this on a thoughtful psychology list rather than a simple favorites list. Neurological case histories reveal unusual changes in perception, memory, and identity. The strongest sections make the reader participate in the judgment instead of supplying a neat conclusion. Even the uneven moments gave me something concrete to argue about afterward.",recommendation,long,Psychology,generated_recommendation_v2,Explicitly advises another reader using diversified recommendation wording.
162,502732,502732,1220,"I read this with my book club, and the explanation that dreams are analyzed as expressions of unconscious wishes and mental conflict gave me a useful way to think about the subject. The framework is memorable, but real life seems messier.",review,casual,Psychology,existing_hard_negative,Expresses a reaction without advising another reader; added after a false recommendation prediction.
163,501441,501441,1154,The most effective scenes begin with the fact that a traumatized teenager becomes isolated at school and slowly finds a way to tell the truth and then refuse to explain every emotion. The setup was stronger than the final payoff. I want another reader's opinion on who was actually responsible.,discussion,polished,Young Adult,existing_post,Asks a question or directly requests another reader's opinion.
164,600021,,1159,I would recommend this to a reader who enjoys children's fiction but still wants room to disagree. A pilot meets a young traveler whose stories reveal lessons about love and responsibility. The strongest sections make the reader participate in the judgment instead of supplying a neat conclusion. Even the uneven moments gave me something concrete to argue about afterward.,recommendation,long,Children,generated_recommendation_v2,Explicitly advises another reader using diversified recommendation wording.
165,500113,500113,1160,The most effective scenes begin with the fact that a lonely orphan discovers a hidden garden and helps restore a household's hope and then refuse to explain every emotion. The uncertainty made the payoff stronger. Did anyone else read that decision as fear rather than courage?,discussion,polished,Children,existing_post,Asks a question or directly requests another reader's opinion.
166,600152,,1175,you should try this one when you want self-development a psychiatrist combines his concentration-camp experiences with an argument about meaning and survival. the main situation keep me interested and give lot to think about,recommendation,imperfect,Self Development,generated_recommendation_v2,Explicitly advises another reader using diversified recommendation wording.
167,600141,,1255,I would recommend this to a reader who enjoys science and nature but still wants room to disagree. Evolution is explained from a gene-centered perspective that also examines cooperation. The strongest sections make the reader participate in the judgment instead of supplying a neat conclusion. Even the uneven moments gave me something concrete to argue about afterward.,recommendation,long,Science Nature,generated_recommendation_v2,Explicitly advises another reader using diversified recommendation wording.
168,501579,501579,1133,"A mother seeks religious help when her daughter appears to be possessed. Yeah, I need somebody else's opinion.",discussion,short,Horror Gothic,existing_post,Asks a question or directly requests another reader's opinion.
169,600163,,1298,"This gets a yes from me for travel and geography readers. Movement through landscapes becomes a way to observe history, culture, and the traveler's assumptions. I had complaints, but I was still talking about it later.",recommendation,casual,Travel Geography,generated_recommendation_v2,Explicitly advises another reader using diversified recommendation wording.
170,600171,,1117,I would recommend this to a reader who enjoys world classics but still wants room to disagree. Brothers divided by belief and temperament become entangled in their father's murder. The strongest sections make the reader participate in the judgment instead of supplying a neat conclusion. Even the uneven moments gave me something concrete to argue about afterward.,recommendation,long,World Classics,generated_recommendation_v2,Explicitly advises another reader using diversified recommendation wording.
171,500032,500032,1091,"first i wasnt sure about the setup, then a father and son travel through a devastated landscape while trying to preserve their humanity and i couldnt stop reading after",review,imperfect,Literary Fiction,existing_post,Evaluates the story or argument without advising readership or inviting a response.
172,501760,501760,1319,"lowkey expected a simple overview, then the part where political and literary the central subject examine power, language, class, empire, and the responsibilities of writing made it feel way more personal",review,slang,Essays Journalism,existing_hard_negative,Expresses a reaction without advising another reader; added after a false recommendation prediction.
173,501466,501466,1202,"I kept stopping to compare this idea with my own experience: investors are taught to study company quality, management, and long-term growth potential. It was interesting and frustrating in almost equal amounts. The examples were useful, but do they apply outside the cases chosen?",discussion,casual,Finance Investing,existing_post,Asks a question or directly requests another reader's opinion.
174,600007,,1245,"Give this one a chance when you're in the mood for biography and memoir. The narrative examines identity through memory, struggle, achievement, and self-reflection. The setup gave me way more to think about than I expected.",recommendation,casual,Biography Memoir,generated_recommendation_v2,Explicitly advises another reader using diversified recommendation wording.
175,500045,500045,1266,"The evidence supporting the idea that encounters with octopuses explore intelligence, personality, and human relationships with other animals gave the larger argument credibility. I wanted the same care in the counterargument. I wish the counterargument had received more attention.",review,polished,Science Nature,existing_post,Evaluates the story or argument without advising readership or inviting a response.
176,600077,,1226,"I would suggest this despite a few rough edges. Geography, domestication, and disease are used to explain unequal development across societies.",recommendation,short,History,generated_recommendation_v2,Explicitly advises another reader using diversified recommendation wording.
177,600082,,1231,Three lives illuminate the Great Migration of Black Americans from the South. This belongs on the reading list of anyone exploring history. The consequences remain more memorable than the easiest interpretation.,recommendation,polished,History,generated_recommendation_v2,Explicitly advises another reader using diversified recommendation wording.
178,502055,502055,1120,"The premise that a falsely imprisoned sailor escapes, gains wealth, and carefully pursues revenge creates an immediate source of tension. The strongest material comes from the quieter scenes, while the relationships feels slightly compressed. The point felt more convincing than the people making it. I need to know whether anyone else trusted that explanation.",discussion,polished,World Classics,existing_post,Asks a question or directly requests another reader's opinion.
179,600104,,1281,i tell my friend give this a chance because it got real ideas a revolutionary pamphlet argues that class conflict drives history and calls workers to organize. some part is messy but the consequence make it worth finish,recommendation,imperfect,Politics Society,generated_recommendation_v2,Explicitly advises another reader using diversified recommendation wording.
180,500666,500666,1143,"I read this during my commute, and the fact that a shy teenager writes letters while navigating friendship, trauma, and first experiences was what finally pulled me in. I liked how the consequences were allowed to stay complicated. Did the character really change, or only run out of alternatives?",discussion,casual,Young Adult,existing_post,Asks a question or directly requests another reader's opinion.
181,502264,502264,1066,"The premise that two competitive coworkers discover attraction beneath their daily office rivalry creates an immediate source of tension. The strongest material comes from the character choices, while the final decision feels slightly compressed. I wanted another chapter to develop the consequences. I need to know whether anyone else trusted that explanation.",discussion,polished,Romance,existing_replacement_discussion,Directly asks another reader for an opinion or interpretation.
182,500941,500941,1159,"The story starts from a situation where a pilot meets a young traveler whose stories reveal lessons about love and responsibility. That sounds straightforward, but the final decision kept making it messier.",review,casual,Children,existing_hard_negative,Expresses a reaction without advising another reader; added after a false recommendation prediction.
183,502646,502646,1292,"I went in knowing only the basic premise, and the explanation that a propaganda model explains how ownership and institutional pressures shape mass media gave me a useful way to think about the subject. The examples were useful, but do they apply outside the cases chosen?",discussion,casual,Politics Society,existing_post,Asks a question or directly requests another reader's opinion.
184,503007,503007,1124,"The premise that a bank clerk is arrested without explanation and trapped in an impossible legal system creates an immediate source of tension. The strongest material comes from the relationships, while the quieter scenes feels slightly compressed. I could see the intention even when I did not agree. I need to know whether anyone else trusted that explanation.",discussion,polished,World Classics,existing_post,Asks a question or directly requests another reader's opinion.
185,501674,501674,1264,"I approached this with some skepticism because the subject often attracts very confident claims. The central explanation—short chapters introduce major ideas about matter, space, gravity, and cosmic history—gave the real-world examples a clear direction. The real-world examples made the idea easier to understand, although the evidence moved from observation to conclusion too quickly for me. It gave me more to think about than I expected. I found myself agreeing with the diagnosis and questioning whether the proposed solution followed from it. The book was most persuasive when it stayed specific and least persuasive when it treated context as a minor detail. The practical advice sounds reasonable, although the limits matter.",review,long,Science Nature,existing_hard_negative,Expresses a reaction without advising another reader; added after a false recommendation prediction.
186,501323,501323,1036,The most effective scenes begin with the fact that four retirement-home friends investigate a real killing after years of studying cold cases and then refuse to explain every emotion. The idea worked much better than I expected. I need to know whether anyone else trusted that explanation.,discussion,polished,Mystery Thriller,existing_post,Asks a question or directly requests another reader's opinion.
187,501017,501017,1150,"Two teenagers meet in New York on the day one family faces deportation. Yeah, I need somebody else's opinion.",discussion,short,Young Adult,existing_post,Asks a question or directly requests another reader's opinion.
188,600074,,1104,i tell my friend give this a chance because it got real ideas a slovakian prisoner tattoos identification numbers at auschwitz and forms a relationship with another prisoner. some part is messy but the consequence make it worth finish,recommendation,imperfect,Historical Fiction,generated_recommendation_v2,Explicitly advises another reader using diversified recommendation wording.
189,500710,500710,1022,"I read this during my commute and immediately needed someone to discuss this with: a bounty hunter tracks escaped androids while questioning the meaning of empathy and humanity. Did the character really change, or only run out of alternatives?",discussion,casual,Science Fiction,existing_replacement_discussion,Directly asks another reader for an opinion or interpretation.
190,503271,503271,1288,"I went in knowing only the basic premise, and the explanation that colonial domination, revolutionary violence, and the challenges of national liberation are analyzed gave me a useful way to think about the subject. The examples were useful, but do they apply outside the cases chosen?",discussion,casual,Politics Society,existing_post,Asks a question or directly requests another reader's opinion.
191,600076,,1225,"A broad history follows Homo human beings from early societies to modern global systems. Its central situation creates enough tension to support a serious conversation. For a reader beginning with history, this offers a strong entry point.",recommendation,polished,History,generated_recommendation_v2,Explicitly advises another reader using diversified recommendation wording.
192,503000,503000,1321,"The central subject—essays combine history, sociology, and autobiography to describe Black life after emancipation—is presented with enough detail to support more than one interpretation. Whose perspective was missing from the account?",discussion,polished,Essays Journalism,existing_post,Asks a question or directly requests another reader's opinion.
193,502438,502438,1286,"I read this during my commute, and the explanation that western representations of the East are examined as cultural tools connected to imperial power gave me a useful way to think about the subject. The framework is memorable, but real life seems messier.",review,casual,Politics Society,existing_hard_negative,Expresses a reaction without advising another reader; added after a false recommendation prediction.
194,500411,500411,1238,"This took longer than expected because several passages deserved more attention than a quick reading. The central material—archaeological evidence challenges simple stories about the origins of cities, hierarchy, and states—gave the cultural context a clear human focus. The wider implications helped connect the individual experience with larger events, although one important transition needed more explanation. I lost patience with how long the conflict was delayed. I appreciated that the people involved were shown as complicated rather than symbolic. A conversation afterward showed me how differently two readers can interpret the same remembered event. I also appreciated the moments when the account resisted an easy lesson and allowed uncertainty to remain part of the record. Whose perspective was missing from the account?",discussion,long,History,existing_post,Asks a question or directly requests another reader's opinion.
195,600065,,1270,Give this a chance; the central idea has weight. Nutrition research is presented in support of plant-centered eating and disease prevention.,recommendation,short,Health Wellness,generated_recommendation_v2,Explicitly advises another reader using diversified recommendation wording.
196,501516,501516,1032,"I expected a fairly simple experience, but the specific setup kept giving me more to argue with. The central situation—a therapist becomes obsessed with learning why a famous painter stopped speaking after a murder—worked because it gave the moral conflict real consequences instead of treating the conflict as background. The ending made the stakes feel personal, although a few important changes needed more room to develop. I respected the idea more than I enjoyed reading it. The smaller reactions around the major events were more convincing than the big speeches. I marked several pages because I partly agreed with the decision and partly wanted to argue with it. Why did nobody have an honest conversation sooner?",discussion,long,Mystery Thriller,existing_post,Asks a question or directly requests another reader's opinion.
197,600034,,1044,Sherlock Holmes investigates a family curse and a terrifying creature on the English moors. This is worth reading for its approach to crime and detective fiction. The premise gives the conflict a clear direction without settling every question.,recommendation,polished,Crime Detective,generated_recommendation_v2,Explicitly advises another reader using diversified recommendation wording.
198,500482,500482,1096,"An emotionally detached man faces judgment after committing an apparently senseless killing. Yeah, I need somebody else's opinion.",discussion,short,Literary Fiction,existing_post,Asks a question or directly requests another reader's opinion.
199,503972,503972,1166,The most effective scenes begin with the fact that an angry child sails to an island of monsters and learns what home means and then refuse to explain every emotion. The point felt more convincing than the people making it. I need to know whether anyone else trusted that explanation.,discussion,polished,Children,existing_post,Asks a question or directly requests another reader's opinion.
200,600019,,1157,"This is an easy recommendation if children's fiction is your thing. The story introduces courage, friendship, imagination, and consequences in an accessible form. I had complaints, but I was still talking about it later.",recommendation,casual,Children,generated_recommendation_v2,Explicitly advises another reader using diversified recommendation wording.
201,500114,500114,1207,"I kept stopping to compare this idea with my own experience: ancient-style parables teach saving, debt control, and gradual wealth building. The tension felt earned instead of manufactured. The examples were useful, but do they apply outside the cases chosen?",discussion,casual,Finance Investing,existing_post,Asks a question or directly requests another reader's opinion.
202,600010,,1184,Startup strategy is framed around creating unique value instead of copying existing competition. My recommendation is simple: give this a thoughtful chance. The premise gives the conflict a clear direction without settling every question.,recommendation,polished,Business Entrepreneurship,generated_recommendation_v2,Explicitly advises another reader using diversified recommendation wording.
203,500943,500943,1295,"I read this with my book club, and the account of how a journalist visits several countries to investigate how place and culture influence happiness gave the wider history a human scale. Whose perspective was missing from the account?",discussion,casual,Travel Geography,existing_post,Asks a question or directly requests another reader's opinion.
204,600151,,1174,I'd tell a friend to try this if they're into self-development. Examples translate an abstract view of improvement into concrete decisions and routines. The setup gave me way more to think about than I expected.,recommendation,casual,Self Development,generated_recommendation_v2,Explicitly advises another reader using diversified recommendation wording.
205,500947,500947,1092,"I complained through parts of this and still reached for it whenever I had a free minute. The central situation—an English butler looks back on a life shaped by duty, repression, and misplaced loyalty—worked because it gave the emotional consequences real consequences instead of treating the conflict as background. The final decision made the stakes feel personal, although a few important changes needed more room to develop. I kept returning to that part after finishing. The smaller reactions around the major events were more convincing than the big speeches. The discussion in my head has lasted longer than the final chapter, so the story clearly did something effective. Would the conflict have happened without that one avoidable decision?",discussion,long,Literary Fiction,existing_post,Asks a question or directly requests another reader's opinion.
206,600168,,1114,"Russian families face love, loss, and national upheaval during the Napoleonic wars. it got messy but like, the interesting kind of messy. easy rec for the world classics crowd imo.",recommendation,slang,World Classics,generated_recommendation_v2,Explicitly advises another reader using diversified recommendation wording.
207,600177,,1144,I would place this on a thoughtful young adult fiction list rather than a simple favorites list. A boy in a controlled community receives memories that reveal the cost of social sameness. The strongest sections make the reader participate in the judgment instead of supplying a neat conclusion. Even the uneven moments gave me something concrete to argue about afterward.,recommendation,long,Young Adult,generated_recommendation_v2,Explicitly advises another reader using diversified recommendation wording.
208,500382,500382,1231,"A friend recommended this for the historical context, but the personal perspective mattered just as much. The central material—three lives illuminate the Great Migration of Black Americans from the South—gave the cultural context a clear human focus. The treatment of memory helped connect the individual experience with larger events, although one important transition needed more explanation. It gave me more to think about than I expected. I went back to an earlier section because later context changed how I understood it. The context made familiar events feel less settled and much more connected to ordinary lives. I also appreciated the moments when the account resisted an easy lesson and allowed uncertainty to remain part of the record. Whose perspective was missing from the account?",discussion,long,History,existing_replacement_discussion,Directly asks another reader for an opinion or interpretation.
209,500047,500047,1256,"I approached this with some skepticism because the subject often attracts very confident claims. The central explanation—evidence about pesticides reveals ecological damage and helped transform environmental debate—gave the real-world examples a clear direction. The real-world examples made the idea easier to understand, although the practical advice moved from observation to conclusion too quickly for me. The tension felt earned instead of manufactured. I appreciated the concrete cases because they made it easier to separate a useful framework from the larger promises. A discussion with a friend exposed how differently the same advice can work depending on someone's circumstances. The framework is memorable, but real life seems messier.",review,long,Science Nature,existing_post,Evaluates the story or argument without advising readership or inviting a response.
210,600118,,1337,"A collection of sacred writings tells histories, laws, poetry, prophecy, teachings, and early Christian accounts. This is one I can recommend without pretending it is flawless. The consequences remain more memorable than the easiest interpretation.",recommendation,polished,Religion Spirituality,generated_recommendation_v2,Explicitly advises another reader using diversified recommendation wording.
211,500864,500864,1087,"I read this with my book club and immediately needed someone to discuss this with: a child observes racism and moral courage as her father defends a falsely accused Black man. The side characters deserved a little more space, honestly.",discussion,casual,Literary Fiction,existing_post,Asks a question or directly requests another reader's opinion.
212,600155,,1325,Give this a chance; the central idea has weight. Scenarios involving machines smarter than humans are analyzed for strategy and existential risk.,recommendation,short,Technology Future,generated_recommendation_v2,Explicitly advises another reader using diversified recommendation wording.
213,502088,502088,1164,"I went in knowing only the basic premise and immediately needed someone to discuss this with: an extraordinarily strong and independent girl disrupts ordinary life with imagination and confidence. Did the character really change, or only run out of alternatives?",discussion,casual,Children,existing_post,Asks a question or directly requests another reader's opinion.
214,600031,,1077,"I'd tell a friend to try this if they're into contemporary fiction. Personal relationships reveal wider tensions involving culture, class, and social change. The setup gave me way more to think about than I expected.",recommendation,casual,Contemporary Fiction,generated_recommendation_v2,Explicitly advises another reader using diversified recommendation wording.
215,500232,500232,1127,"This took longer than usual because I kept pausing whenever somebody made another avoidable decision. The central situation—a group of friends fights a Transylvanian count who brings predatory evil to England—worked because it gave the relationships real consequences instead of treating the conflict as background. The quieter scenes made the stakes feel personal, although a few important changes needed more room to develop. That was the moment I became fully invested. Even my complaints came from caring about what would happen next. A friend asked whether I liked it, and I realized I had spent five minutes explaining the central problem without answering. I want another reader's opinion on who was actually responsible.",discussion,long,Horror Gothic,existing_replacement_discussion,Directly asks another reader for an opinion or interpretation.
216,500648,500648,1109,"I went in knowing only the basic premise, and the fact that several lives are transformed by love, politics, and the Nigerian-Biafran War was what finally pulled me in. It gave me more to think about than I expected. Did the character really change, or only run out of alternatives?",discussion,casual,Historical Fiction,existing_post,Asks a question or directly requests another reader's opinion.
217,600036,,1046,Detective Sam Spade pursues a valuable statue while navigating betrayal and competing criminals. the setup had me locked in and the consequences actually stayed with me. I'd send this straight to the group chat tbh.,recommendation,slang,Crime Detective,generated_recommendation_v2,Explicitly advises another reader using diversified recommendation wording.
218,500307,500307,1249,"The central subject—after personal loss and self-destruction, a woman hikes the Pacific Crest Trail alone—is presented with enough detail to support more than one interpretation. Whose perspective was missing from the account?",discussion,polished,Biography Memoir,existing_post,Asks a question or directly requests another reader's opinion.
219,500230,500230,1015,"The setup where a young heir enters a desert world where politics, prophecy, and control of a vital resource collide? I was invested immediately.",review,short,Science Fiction,existing_corrected_label,Uses a rhetorical question to express enthusiasm rather than requesting a response.
220,500493,500493,1055,"The premise that poirot investigates a village killing in a case famous for challenging detective-story expectations creates an immediate source of tension. The strongest material comes from the quieter scenes, while the character choices feels slightly compressed. I could see the intention even when I did not agree. I want another reader's opinion on who was actually responsible.",discussion,polished,Crime Detective,existing_post,Asks a question or directly requests another reader's opinion.
221,501174,501174,1194,"I finished this with a page of useful ideas and another page of questions about the evidence. The central explanation—pixar's cofounder explains management practices designed to protect honest feedback and creative risk—gave the main framework a clear direction. The real-world examples made the idea easier to understand, although the practical advice moved from observation to conclusion too quickly for me. I lost patience with how long the conflict was delayed. Even where I disagreed, the language gave me a better way to identify the issue in ordinary life. I will probably revisit the clearest chapter, but I would pair it with a source that gives more attention to disagreement and limitations. The examples were useful, but do they apply outside the cases chosen?",discussion,long,Business Entrepreneurship,existing_post,Asks a question or directly requests another reader's opinion.
222,501755,501755,1078,The most effective scenes begin with the fact that twin sisters choose different racial identities and create consequences across two generations and then refuse to explain every emotion. The explanation was repeated without becoming clearer. Did anyone else read that decision as fear rather than courage?,discussion,polished,Contemporary Fiction,existing_post,Asks a question or directly requests another reader's opinion.
223,600115,,1215,"If you want some psychology with real consequences, try this. The book makes psychological theory understandable through experiments and lived experience. The consequences are what made the whole thing stick for me.",recommendation,casual,Psychology,generated_recommendation_v2,Explicitly advises another reader using diversified recommendation wording.
224,500392,500392,1143,"I knew a shy teenager writes letters while navigating friendship, trauma, and first experiences, but I still was not ready for the consequences.",review,short,Young Adult,existing_hard_negative,Expresses a reaction without advising another reader; added after a false recommendation prediction.
225,600005,,1243,Give this a chance; the central idea has weight. Malcolm X narrates his transformation from a troubled youth into an influential political leader.,recommendation,short,Biography Memoir,generated_recommendation_v2,Explicitly advises another reader using diversified recommendation wording.
226,600070,,1100,Thomas Cromwell rises through Tudor politics as Henry VIII seeks to end his marriage. My recommendation is simple: give this a thoughtful chance. The premise gives the conflict a clear direction without settling every question.,recommendation,polished,Historical Fiction,generated_recommendation_v2,Explicitly advises another reader using diversified recommendation wording.
227,501508,501508,1131,"I went in knowing only the basic premise, and my opinion changed several times before I reached the end. The central situation—investigators stay in a disturbing mansion whose influence is especially powerful over one guest—worked because it gave the moral conflict real consequences instead of treating the conflict as background. The final decision made the stakes feel personal, although a few important changes needed more room to develop. The good moments carried a middle that dragged. The smaller reactions around the major events were more convincing than the big speeches. The more I considered the final choice, the less certain I became about who had the better alternative. Why did nobody have an honest conversation sooner?",discussion,long,Horror Gothic,existing_post,Asks a question or directly requests another reader's opinion.
228,500174,500174,1245,"I finished this with a clearer sense of the events and more questions about how they are remembered. The central material—a neurosurgeon facing terminal cancer reflects on medicine, identity, and a meaningful life—gave the emotional honesty a clear human focus. The wider implications helped connect the individual experience with larger events, although one important transition needed more explanation. The point felt more convincing than the people making it. I appreciated that the people involved were shown as complicated rather than symbolic. I marked several pages because they gave language to something usually summarized too quickly. I also appreciated the moments when the account resisted an easy lesson and allowed uncertainty to remain part of the record. I kept thinking about how memory shapes the way this is told.",review,long,Biography Memoir,existing_post,Evaluates the story or argument without advising readership or inviting a response.
229,600030,,1076,"A young woman raised alone in coastal marshes becomes the focus of a murder investigation. if you want contemporary fiction, this is the move. still thinking about the choices, so clearly it did something right.",recommendation,slang,Contemporary Fiction,generated_recommendation_v2,Explicitly advises another reader using diversified recommendation wording.
230,501273,501273,1112,The setup where an English pilot enters the dangerous politics of feudal Japan at the start of the seventeenth century? I was invested immediately.,review,short,Historical Fiction,existing_corrected_label,Uses a rhetorical question to express enthusiasm rather than requesting a response.
231,500147,500147,1013,"The premise that a girl in medieval Russia protects old spirits as fear and religious conflict threaten her village creates an immediate source of tension. The strongest material comes from the relationships, while the character choices feels slightly compressed. The ending helped, but it did not solve every problem. I am still unsure whether the last reveal improved the story.",review,polished,Fantasy,existing_post,Evaluates the story or argument without advising readership or inviting a response.
232,500083,500083,1072,I was most interested in how the consequences developed after two Afghan women form a powerful bond while surviving war and an abusive household. The conflict remained convincing because nobody had a completely safe choice. It gave me more to think about than I expected.,review,polished,Contemporary Fiction,existing_post,Evaluates the story or argument without advising readership or inviting a response.
233,501439,501439,1062,"A couple builds a marriage around uncontrollable journeys through time. Yeah, I need somebody else's opinion.",discussion,short,Romance,existing_post,Asks a question or directly requests another reader's opinion.
234,500298,500298,1153,"I complained through parts of this and still reached for it whenever I had a free minute. The central situation—a student reexamines a closed murder case and finds evidence that the accepted story is wrong—worked because it gave the relationships real consequences instead of treating the conflict as background. The moral conflict made the stakes feel personal, although a few important changes needed more room to develop. I could see the intention even when I did not agree. Even my complaints came from caring about what would happen next. I marked several pages because I partly agreed with the decision and partly wanted to argue with it. I need to know whether anyone else trusted that explanation.",discussion,long,Young Adult,existing_post,Asks a question or directly requests another reader's opinion.
235,501826,501826,1028,"The premise that a fireman who burns books begins to question a society built on censorship and distraction creates an immediate source of tension. The strongest material comes from the relationships, while the emotional consequences feels slightly compressed. The ending helped, but it did not solve every problem. Did anyone else read that decision as fear rather than courage?",discussion,polished,Science Fiction,existing_post,Asks a question or directly requests another reader's opinion.
236,502256,502256,1235,"My quick take: the East India Company's rise shows how a corporation conquered and governed large parts of India. Strong perspective, a few unanswered questions, and plenty to sit with.",review,casual,History,existing_hard_negative,Expresses a reaction without advising another reader; added after a false recommendation prediction.
237,501292,501292,1193,"I read this during my commute, and the explanation that small-business owners are taught to build repeatable systems instead of relying only on personal labor gave me a useful way to think about the subject. The practical advice sounds reasonable, although the limits matter.",review,casual,Business Entrepreneurship,existing_hard_negative,Expresses a reaction without advising another reader; added after a false recommendation prediction.
238,502486,502486,1332,"The book argues that digital technology's effects on productivity, employment, and inequality are examined. That made sense, although the advice sometimes sounded too universal.",review,casual,Technology Future,existing_hard_negative,Expresses a reaction without advising another reader; added after a false recommendation prediction.
239,600137,,1020,I would suggest this despite a few rough edges. A Black writer is repeatedly pulled from modern California into a slaveholding plantation.,recommendation,short,Science Fiction,generated_recommendation_v2,Explicitly advises another reader using diversified recommendation wording.
240,600157,,1327,Give this one a chance when you're in the mood for technology and the future. The history of secret communication moves from ancient ciphers to modern cryptography. The setup gave me way more to think about than I expected.,recommendation,casual,Technology Future,generated_recommendation_v2,Explicitly advises another reader using diversified recommendation wording.
241,502947,502947,1171,"I went in knowing only the basic premise, and the explanation that examples and guidelines explain how attention, respect, and empathy can improve communication gave me a useful way to think about the subject. The examples were useful, but do they apply outside the cases chosen?",discussion,casual,Self Development,existing_post,Asks a question or directly requests another reader's opinion.
242,501295,501295,1129,i really thought i could handle a story where a family's isolated winter in a hotel awakens supernatural forces and a father's violence. absolutely not 🫠,review,slang,Horror Gothic,existing_hard_negative,Expresses a reaction without advising another reader; added after a false recommendation prediction.
243,500519,500519,1021,"An astronaut stranded on Mars uses science and humor to survive until rescue is possible. Yeah, I need somebody else's opinion.",discussion,short,Science Fiction,existing_post,Asks a question or directly requests another reader's opinion.
244,500072,500072,1276,the main point is that human anatomy and medical history are explained through accessible science and surprising stories and it make sense but i still need check the evidence,review,imperfect,Health Wellness,existing_post,Evaluates the story or argument without advising readership or inviting a response.
245,600144,,1258,"The history of genetics connects scientific discovery with medicine, identity, and ethical risk. still thinking about the choices, so clearly it did something right. this gets a solid yes from me, go try it.",recommendation,slang,Science Nature,generated_recommendation_v2,Explicitly advises another reader using diversified recommendation wording.
246,600169,,1115,"This is an easy recommendation if world classics is your thing. A married aristocrat pursues love outside social rules while another couple seeks a quieter life. I had complaints, but I was still talking about it later.",recommendation,casual,World Classics,generated_recommendation_v2,Explicitly advises another reader using diversified recommendation wording.
247,600094,,1089,"Twins in Kerala confront the lasting damage of family secrets, caste, and forbidden love. This is worth reading for its approach to literary fiction. The premise gives the conflict a clear direction without settling every question.",recommendation,polished,Literary Fiction,generated_recommendation_v2,Explicitly advises another reader using diversified recommendation wording.
248,500031,500031,1130,"The premise that friends confront a shape-shifting evil that returns to their Maine town across generations creates an immediate source of tension. The strongest material comes from the quieter scenes, while the relationships feels slightly compressed. The uncertainty made the payoff stronger. I want another reader's opinion on who was actually responsible.",discussion,polished,Horror Gothic,existing_post,Asks a question or directly requests another reader's opinion.
249,500137,500137,1246,"the way interviews trace the Apple cofounder's creativity, intensity, relationships, and influence on technology was interesting but it need another perspective for me",review,imperfect,Biography Memoir,existing_post,Evaluates the story or argument without advising readership or inviting a response.
250,500869,500869,1073,"This took longer than usual because I kept pausing whenever somebody made another avoidable decision. The central situation—a teenager survives at sea with a Bengal tiger and later offers competing versions of his ordeal—worked because it gave the moral conflict real consequences instead of treating the conflict as background. The quieter scenes made the stakes feel personal, although a few important changes needed more room to develop. That detail gave the whole thing more emotional weight. I appreciated that the people involved could be sympathetic and frustrating at the same time. I could understand two opposing reactions to the moral conflict, which is probably why that part stayed with me. Would the conflict have happened without that one avoidable decision?",discussion,long,Contemporary Fiction,existing_post,Asks a question or directly requests another reader's opinion.
251,500510,500510,1012,"A war orphan enters an elite military academy and discovers a terrifying shamanic power. Yeah, I need somebody else's opinion.",discussion,short,Fantasy,existing_post,Asks a question or directly requests another reader's opinion.
252,600015,,1189,I would suggest this to someone who values business and entrepreneurship with complicated consequences. Long-lasting companies are compared to identify recurring approaches to culture and leadership. The premise provides an accessible way into the material while leaving the larger questions unsettled. That balance is why I would rather share it than simply summarize it.,recommendation,long,Business Entrepreneurship,generated_recommendation_v2,Explicitly advises another reader using diversified recommendation wording.
253,501325,501325,1089,"I took notes while reading, and my opinion changed several times before I reached the end. The central situation—twins in Kerala confront the lasting damage of family secrets, caste, and forbidden love—worked because it gave the ending real consequences instead of treating the conflict as background. The pacing made the stakes feel personal, although a few important changes needed more room to develop. I finished with more annoyance than curiosity. I would rather have this kind of messy conflict than a neat ending with nothing to discuss. I could understand two opposing reactions to the ending, which is probably why that part stayed with me. Why did nobody have an honest conversation sooner?",discussion,long,Literary Fiction,existing_post,Asks a question or directly requests another reader's opinion.
254,502710,502710,1162,"The premise that children fly to Neverland with a boy who refuses to grow up creates an immediate source of tension. The strongest material comes from the relationships, while the quieter scenes feels slightly compressed. That was the moment I became fully invested. Did anyone else read that decision as fear rather than courage?",discussion,polished,Children,existing_post,Asks a question or directly requests another reader's opinion.
255,502834,502834,1085,"This took longer than usual because I kept pausing whenever somebody made another avoidable decision. The central situation—a formerly enslaved woman and her family are haunted by a child lost under unbearable circumstances—worked because it gave the character choices real consequences instead of treating the conflict as background. The moral conflict made the stakes feel personal, although a few important changes needed more room to develop. I could see the intention even when I did not agree. Even my complaints came from caring about what would happen next. The more I considered the final choice, the less certain I became about who had the better alternative. I still cannot decide whether the final choice was fair.",review,long,Literary Fiction,existing_post,Evaluates the story or argument without advising readership or inviting a response.
256,500426,500426,1347,"The central subject—lectures examine conversion, mysticism, faith, and religious experience from a psychological perspective—is presented with enough detail to support more than one interpretation. Whose perspective was missing from the account?",discussion,polished,Religion Spirituality,existing_post,Asks a question or directly requests another reader's opinion.
257,501047,501047,1047,"This took longer than usual because I kept pausing whenever somebody made another avoidable decision. The central situation—precious Ramotswe opens Botswana's first female-run detective agency and solves local problems—worked because it gave the quieter scenes real consequences instead of treating the conflict as background. The moral conflict made the stakes feel personal, although a few important changes needed more room to develop. The point felt more convincing than the people making it. I went back to an earlier scene because the later context changed how I understood it. I marked several pages because I partly agreed with the decision and partly wanted to argue with it. I am still unsure whether the last reveal improved the story.",review,long,Crime Detective,existing_post,Evaluates the story or argument without advising readership or inviting a response.
258,500784,500784,1330,"Digital companies are analyzed for turning human behavior into data and prediction products. Practical, but real life is messier.",review,short,Technology Future,existing_hard_negative,Expresses a reaction without advising another reader; added after a false recommendation prediction.
259,503056,503056,1220,"The book argues that dreams are analyzed as expressions of unconscious wishes and mental conflict. That made sense, although the advice sometimes sounded too universal.",review,casual,Psychology,existing_hard_negative,Expresses a reaction without advising another reader; added after a false recommendation prediction.
260,600133,,1016,"This gets a yes from me for science fiction readers. A mathematician develops a science of history and tries to shorten an approaching galactic dark age. I had complaints, but I was still talking about it later.",recommendation,casual,Science Fiction,generated_recommendation_v2,Explicitly advises another reader using diversified recommendation wording.
261,500813,500813,1039,The most effective scenes begin with the fact that a boy who treasures a forgotten novel investigates why someone is destroying the author's books and then refuse to explain every emotion. That was the moment I became fully invested. Did anyone else read that decision as fear rather than courage?,discussion,polished,Mystery Thriller,existing_replacement_discussion,Directly asks another reader for an opinion or interpretation.
262,501634,501634,1156,I read this during my commute and immediately needed someone to discuss this with: a brilliant neglected child discovers unusual powers and challenges cruel adults. Would the conflict have happened without that one avoidable decision?,discussion,casual,Children,existing_post,Asks a question or directly requests another reader's opinion.
263,600046,,1314,"A father addresses his son about race, history, fear, and the Black body in America. For a reader beginning with essays and journalism, this offers a strong entry point. Its central situation creates enough tension to support a serious conversation.",recommendation,polished,Essays Journalism,generated_recommendation_v2,Explicitly advises another reader using diversified recommendation wording.
264,600075,,1105,I would suggest this to someone who values historical fiction with complicated consequences. Four damaged people gather in an Italian villa near the end of World War II. The premise provides an accessible way into the material while leaving the larger questions unsettled. That balance is why I would rather share it than simply summarize it.,recommendation,long,Historical Fiction,generated_recommendation_v2,Explicitly advises another reader using diversified recommendation wording.
265,500996,500996,1282,"My quick take: a concise study of political power advises rulers on strategy, stability, and reputation. Useful explanation, a few large assumptions, and plenty to verify.",review,casual,Politics Society,existing_hard_negative,Expresses a reaction without advising another reader; added after a false recommendation prediction.
266,600122,,1341,"you should try this one when you want religion and spirituality verses attributed to the buddha offer guidance on mind, conduct, suffering, and liberation. the main situation keep me interested and give lot to think about",recommendation,imperfect,Religion Spirituality,generated_recommendation_v2,Explicitly advises another reader using diversified recommendation wording.
267,502608,502608,1050,The setup where a federal agent returns to his drought-stricken hometown and reopens questions about an apparent family murder? I was invested immediately.,review,short,Crime Detective,existing_corrected_label,Uses a rhetorical question to express enthusiasm rather than requesting a response.
268,600003,,1241,"This earns my recommendation because it offers more than a quick, comfortable answer. A former first lady reflects on family, education, public service, and life in the White House. The central situation develops into consequences that are difficult to reduce to one lesson. I had reservations, but those reservations made the experience more discussable rather than disposable.",recommendation,long,Biography Memoir,generated_recommendation_v2,Explicitly advises another reader using diversified recommendation wording.
269,500516,500516,1066,The setup where two competitive coworkers discover attraction beneath their daily office rivalry? I was invested immediately.,review,short,Romance,existing_corrected_label,Uses a rhetorical question to express enthusiasm rather than requesting a response.
270,500310,500310,1332,"I approached this with some skepticism because the subject often attracts very confident claims. The central explanation—digital technology's effects on productivity, employment, and inequality are examined—gave the main framework a clear direction. The real-world examples made the idea easier to understand, although the evidence moved from observation to conclusion too quickly for me. It gave me more to think about than I expected. The strongest sections admitted uncertainty, while the weaker ones sounded as if one method would fit everybody. I marked the most practical pages because they were immediately applicable, then marked several others because I wanted to verify them. The examples were useful, but do they apply outside the cases chosen?",discussion,long,Technology Future,existing_post,Asks a question or directly requests another reader's opinion.
271,600004,,1242,A woman raised in an isolated survivalist family pursues schooling and rebuilds her understanding of the past. The premise gives the conflict a clear direction without settling every question. This is worth reading for its approach to biography and memoir.,recommendation,polished,Biography Memoir,generated_recommendation_v2,Explicitly advises another reader using diversified recommendation wording.
272,501069,501069,1059,"I read this with my book club, and the fact that a devoted man waits decades for another chance with the woman he has always loved was what finally pulled me in. I liked how the consequences were allowed to stay complicated. Would the conflict have happened without that one avoidable decision?",discussion,casual,Romance,existing_post,Asks a question or directly requests another reader's opinion.
273,600081,,1230,"I would recommend this to a reader who enjoys history but still wants room to disagree. Ancient Rome is examined through politics, citizenship, social life, and imperial expansion. The strongest sections make the reader participate in the judgment instead of supplying a neat conclusion. Even the uneven moments gave me something concrete to argue about afterward.",recommendation,long,History,generated_recommendation_v2,Explicitly advises another reader using diversified recommendation wording.
274,502027,502027,1341,"I went in knowing only the basic premise, and the account of how verses attributed to the Buddha offer guidance on mind, conduct, suffering, and liberation gave the wider history a human scale. Whose perspective was missing from the account?",discussion,casual,Religion Spirituality,existing_post,Asks a question or directly requests another reader's opinion.
275,600109,,1286,"This is an easy recommendation if politics and society is your thing. Western representations of the East are examined as cultural tools connected to imperial power. I had complaints, but I was still talking about it later.",recommendation,casual,Politics Society,generated_recommendation_v2,Explicitly advises another reader using diversified recommendation wording.
276,600020,,1158,read this when you want something that stay in your mind a curious girl follows a rabbit into a world governed by strange logic. some part is messy but the consequence make it worth finish,recommendation,imperfect,Children,generated_recommendation_v2,Explicitly advises another reader using diversified recommendation wording.
277,600154,,1324,"Possible futures involving artificial intelligence are explored through technical, social, and ethical questions. This is worth reading for its approach to technology and the future. The premise gives the conflict a clear direction without settling every question.",recommendation,polished,Technology Future,generated_recommendation_v2,Explicitly advises another reader using diversified recommendation wording.
278,500271,500271,1230,"I approached this knowing the broad history, yet the personal details changed how I understood it. The central material—ancient Rome is examined through politics, citizenship, social life, and imperial expansion—gave the treatment of memory a clear human focus. The personal perspective helped connect the individual experience with larger events, although one important transition needed more explanation. I could see the intention even when I did not agree. The strongest pages connected private experience with history without turning either into a simple lesson. I marked several pages because they gave language to something usually summarized too quickly. I also appreciated the moments when the account resisted an easy lesson and allowed uncertainty to remain part of the record. I wanted more context around one important transition.",review,long,History,existing_post,Evaluates the story or argument without advising readership or inviting a response.
279,600079,,1228,"This is an easy recommendation if history is your thing. The narrative places familiar events within a wider regional and global context. I had complaints, but I was still talking about it later.",recommendation,casual,History,generated_recommendation_v2,Explicitly advises another reader using diversified recommendation wording.
280,500096,500096,1199,the explanation starts with market evidence is used to argue for diversification and low-cost long-term investing. after that it become too confident about the advice,review,imperfect,Finance Investing,existing_post,Evaluates the story or argument without advising readership or inviting a response.
281,600180,,1147,"A working-class teenager confronts violence and loyalty across a bitter social divide. still thinking about the choices, so clearly it did something right. if you want young adult fiction, this is the move.",recommendation,slang,Young Adult,generated_recommendation_v2,Explicitly advises another reader using diversified recommendation wording.
282,500906,500906,1264,"My quick take: short chapters introduce major ideas about matter, space, gravity, and cosmic history. Useful explanation, a few large assumptions, and plenty to verify.",review,casual,Science Nature,existing_hard_negative,Expresses a reaction without advising another reader; added after a false recommendation prediction.
283,600029,,1075,"This one is worth trying and discussing afterward. Two families in a planned Ohio community collide over identity, motherhood, and belonging.",recommendation,short,Contemporary Fiction,generated_recommendation_v2,Explicitly advises another reader using diversified recommendation wording.
284,600080,,1229,read this when you want something that stay in your mind nazi germany is chronicled from its political ascent through war and collapse. some part is messy but the consequence make it worth finish,recommendation,imperfect,History,generated_recommendation_v2,Explicitly advises another reader using diversified recommendation wording.
285,500937,500937,1036,"I went in knowing only the basic premise, and my opinion changed several times before I reached the end. The central situation—four retirement-home friends investigate a real killing after years of studying cold cases—worked because it gave the moral conflict real consequences instead of treating the conflict as background. The quieter scenes made the stakes feel personal, although a few important changes needed more room to develop. I respected the idea more than I enjoyed reading it. I went back to an earlier scene because the later context changed how I understood it. I marked several pages because I partly agreed with the decision and partly wanted to argue with it. The side characters deserved a little more space, honestly.",review,long,Mystery Thriller,existing_post,Evaluates the story or argument without advising readership or inviting a response.
286,503057,503057,1080,The setup where a woman between life and death explores alternate versions of the choices she might have made? I was invested immediately.,review,short,Contemporary Fiction,existing_corrected_label,Uses a rhetorical question to express enthusiasm rather than requesting a response.
287,501114,501114,1234,"I read this during my commute, and the account of how the destruction and displacement of Native nations is recounted from Indigenous-centered sources gave the wider history a human scale. Whose perspective was missing from the account?",discussion,casual,History,existing_post,Asks a question or directly requests another reader's opinion.
288,600054,,1007,"An ex-convict becomes entangled in a conflict between old deities and modern forms of worship. this gets a solid yes from me, go try it. still thinking about the choices, so clearly it did something right.",recommendation,slang,Fantasy,generated_recommendation_v2,Explicitly advises another reader using diversified recommendation wording.
289,501569,501569,1103,"Two French sisters resist Nazi occupation in different ways during World War II. Yeah, I need somebody else's opinion.",discussion,short,Historical Fiction,existing_post,Asks a question or directly requests another reader's opinion.
290,501027,501027,1292,"I came back after putting it down for a week, expecting a quick overview, but I ended up taking more notes than planned. The central explanation—a propaganda model explains how ownership and institutional pressures shape mass media—gave the counterargument a clear direction. The real-world examples made the idea easier to understand, although the main framework moved from observation to conclusion too quickly for me. The uncertainty made the payoff stronger. I found myself agreeing with the diagnosis and questioning whether the proposed solution followed from it. I will probably revisit the clearest chapter, but I would pair it with a source that gives more attention to disagreement and limitations. I am not sure the conclusion follows from every example.",review,long,Politics Society,existing_post,Evaluates the story or argument without advising readership or inviting a response.
291,500601,500601,1045,"I complained through parts of this and still reached for it whenever I had a free minute. The central situation—private detective Philip Marlowe enters a wealthy family's web of blackmail, disappearance, and murder—worked because it gave the quieter scenes real consequences instead of treating the conflict as background. The emotional consequences made the stakes feel personal, although a few important changes needed more room to develop. The uncertainty made the payoff stronger. I went back to an earlier scene because the later context changed how I understood it. I could understand two opposing reactions to the quieter scenes, which is probably why that part stayed with me. I want another reader's opinion on who was actually responsible.",discussion,long,Crime Detective,existing_post,Asks a question or directly requests another reader's opinion.
292,500249,500249,1031,"I went in knowing only the basic premise, and my opinion changed several times before I reached the end. The central situation—a murder in the Louvre sends a professor and cryptologist through a trail of religious symbols—worked because it gave the moral conflict real consequences instead of treating the conflict as background. The relationships made the stakes feel personal, although a few important changes needed more room to develop. The tension felt earned instead of manufactured. I went back to an earlier scene because the later context changed how I understood it. I could understand two opposing reactions to the moral conflict, which is probably why that part stayed with me. Why did nobody have an honest conversation sooner?",discussion,long,Mystery Thriller,existing_post,Asks a question or directly requests another reader's opinion.
293,600024,,1162,"Children fly to Neverland with a boy who refuses to grow up. still thinking about the choices, so clearly it did something right. this gets a solid yes from me, go try it.",recommendation,slang,Children,generated_recommendation_v2,Explicitly advises another reader using diversified recommendation wording.
294,502482,502482,1324,"I picked this up for a quick overview, but the discussion showing that possible futures involving artificial intelligence are explored through technical, social, and ethical questions gave me more to think about. I finished with more annoyance than curiosity.",review,casual,Technology Future,existing_hard_negative,Expresses a reaction without advising another reader; added after a false recommendation prediction.
295,502946,502946,1023,"The premise that scientists orbiting a mysterious planet confront physical manifestations of their memories and guilt creates an immediate source of tension. The strongest material comes from the quieter scenes, while the pacing feels slightly compressed. The consequences felt lighter than they should have. Did anyone else read that decision as fear rather than courage?",discussion,polished,Science Fiction,existing_post,Asks a question or directly requests another reader's opinion.
296,502864,502864,1151,"A Native teenager leaves his reservation school and struggles between two communities. Yeah, I need somebody else's opinion.",discussion,short,Young Adult,existing_post,Asks a question or directly requests another reader's opinion.
297,502693,502693,1060,i really thought i could handle a story where an elderly man reads the story of a young couple separated by class and circumstance. absolutely not 🫠,review,slang,Romance,existing_hard_negative,Expresses a reaction without advising another reader; added after a false recommendation prediction.
298,500458,500458,1047,"The premise that precious Ramotswe opens Botswana's first female-run detective agency and solves local problems creates an immediate source of tension. The strongest material comes from the character choices, while the final decision feels slightly compressed. The strongest idea did not get enough space. I want another reader's opinion on who was actually responsible.",discussion,polished,Crime Detective,existing_post,Asks a question or directly requests another reader's opinion.
299,600061,,1203,I'd tell a friend to try this if they're into finance and investing. Individual investors are encouraged to research promising businesses they understand from everyday life. The setup gave me way more to think about than I expected.,recommendation,casual,Finance Investing,generated_recommendation_v2,Explicitly advises another reader using diversified recommendation wording.
300,500079,500079,1179,"The strongest part is the explanation that personal stories and research encourage authenticity, self-compassion, and resistance to shame. The examples are memorable without making the subject seem simpler than it is. That detail gave the whole thing more emotional weight.",review,polished,Self Development,existing_post,Evaluates the story or argument without advising readership or inviting a response.
301,501942,501942,1140,"I finished this a few hours ago and still do not have a clean rating in mind. The central situation—four Native American men are pursued by the consequences of a forbidden hunt—worked because it gave the moral conflict real consequences instead of treating the conflict as background. The emotional consequences made the stakes feel personal, although a few important changes needed more room to develop. I kept returning to that part after finishing. I went back to an earlier scene because the later context changed how I understood it. I marked several pages because I partly agreed with the decision and partly wanted to argue with it. Why did nobody have an honest conversation sooner?",discussion,long,Horror Gothic,existing_post,Asks a question or directly requests another reader's opinion.
302,501687,501687,1084,"I went in knowing only the basic premise, and the fact that a Tokyo store worker resists social pressure to abandon the life that makes sense to her was what finally pulled me in. I kept returning to that part after finishing. Was the ending meant to feel hopeful or just unresolved?",discussion,casual,Contemporary Fiction,existing_post,Asks a question or directly requests another reader's opinion.
303,503991,503991,1076,okay so a young woman raised alone in coastal marshes becomes the focus of a murder investigation and somehow i still thought this would be a chill read 😩,review,slang,Contemporary Fiction,existing_hard_negative,Expresses a reaction without advising another reader; added after a false recommendation prediction.
304,502313,502313,1269,"I finished this with a page of useful ideas and another page of questions about the evidence. The central explanation—a physician presents a prevention-focused approach to longevity, exercise, and chronic disease risk—gave the main framework a clear direction. The real-world examples made the idea easier to understand, although the evidence moved from observation to conclusion too quickly for me. It was interesting and frustrating in almost equal amounts. I appreciated the concrete cases because they made it easier to separate a useful framework from the larger promises. The book was most persuasive when it stayed specific and least persuasive when it treated context as a minor detail. The examples were useful, but do they apply outside the cases chosen?",discussion,long,Health Wellness,existing_post,Asks a question or directly requests another reader's opinion.
305,502118,502118,1010,"I went in knowing only the basic premise and immediately needed someone to discuss this with: a mother searches for her daughter as a continent fractures under catastrophic geological forces. The side characters deserved a little more space, honestly.",discussion,casual,Fantasy,existing_post,Asks a question or directly requests another reader's opinion.
306,503369,503369,1324,"The central idea is that possible futures involving artificial intelligence are explored through technical, social, and ethical questions. That was clearer than I expected, although the broader conclusion needed more attention.",review,casual,Technology Future,existing_hard_negative,Expresses a reaction without advising another reader; added after a false recommendation prediction.
307,501721,501721,1182,"I read this during my commute, expecting a quick overview, but I ended up taking more notes than planned. The central explanation—a twelve-week program uses writing and regular creative activities to overcome artistic blocks—gave the real-world examples a clear direction. The real-world examples made the idea easier to understand, although the main framework moved from observation to conclusion too quickly for me. I kept returning to that part after finishing. I would treat the broadest claims as a starting point rather than a final answer. The framework is memorable enough that I caught myself using it later, which is useful even if the evidence deserves another source. The examples were useful, but do they apply outside the cases chosen?",discussion,long,Self Development,existing_post,Asks a question or directly requests another reader's opinion.
308,501241,501241,1159,dont know if i loved it but watching how a pilot meets a young traveler whose stories reveal lessons about love and responsibility definately give me alot to think about,review,imperfect,Children,existing_hard_negative,Expresses a reaction without advising another reader; added after a false recommendation prediction.
309,501890,501890,1217,"I approached this with some skepticism because the subject often attracts very confident claims. The central explanation—neurological case histories reveal unusual changes in perception, memory, and identity—gave the real-world examples a clear direction. The real-world examples made the idea easier to understand, although the limitations moved from observation to conclusion too quickly for me. That detail gave the whole thing more emotional weight. Even where I disagreed, the language gave me a better way to identify the issue in ordinary life. The framework is memorable enough that I caught myself using it later, which is useful even if the evidence deserves another source. The examples were useful, but do they apply outside the cases chosen?",discussion,long,Psychology,existing_post,Asks a question or directly requests another reader's opinion.
310,600048,,1001,"Bilbo Baggins leaves his comfortable home to help a company of dwarves reclaim a stolen kingdom. it got messy but like, the interesting kind of messy. easy rec for the fantasy crowd imo.",recommendation,slang,Fantasy,generated_recommendation_v2,Explicitly advises another reader using diversified recommendation wording.
311,600012,,1186,"Organizations are urged to communicate the purpose behind their work before explaining products or methods. it got messy but like, the interesting kind of messy. ok yeah put this on your list fr.",recommendation,slang,Business Entrepreneurship,generated_recommendation_v2,Explicitly advises another reader using diversified recommendation wording.
312,501098,501098,1001,"I finished this a few hours ago and still do not have a clean rating in mind. The central situation—bilbo Baggins leaves his comfortable home to help a company of dwarves reclaim a stolen kingdom—worked because it gave the final decision real consequences instead of treating the conflict as background. The emotional consequences made the stakes feel personal, although a few important changes needed more room to develop. I understood the point, but the execution still felt uneven. I went back to an earlier scene because the later context changed how I understood it. A friend asked whether I liked it, and I realized I had spent five minutes explaining the central problem without answering. Did the character really change, or only run out of alternatives?",discussion,long,Fantasy,existing_post,Asks a question or directly requests another reader's opinion.
313,600174,,1141,"A teenager is forced into a televised fight to the death and becomes a symbol of resistance. this gets a solid yes from me, go try it. still thinking about the choices, so clearly it did something right.",recommendation,slang,Young Adult,generated_recommendation_v2,Explicitly advises another reader using diversified recommendation wording.
314,500052,500052,1243,"The discussion begins with this experience: the narrator X narrates his transformation from a troubled youth into an influential political leader. That gives the historical context a clear structure, while the narrative structure could use more context. I wish one opposing perspective had received more attention.",review,polished,Biography Memoir,existing_post,Evaluates the story or argument without advising readership or inviting a response.
315,500112,500112,1290,This was most persuasive when it stayed specific about the claim that central economic planning is criticized as a threat to individual and political freedom. The wider conclusion deserved stronger limits.,review,polished,Politics Society,existing_post,Evaluates the story or argument without advising readership or inviting a response.
316,500025,500025,1295,"I finished this with a clearer sense of the events and more questions about how they are remembered. The central material—a journalist visits several countries to investigate how place and culture influence happiness—gave the cultural context a clear human focus. The personal perspective helped connect the individual experience with larger events, although one important transition needed more explanation. I respected the idea more than I enjoyed reading it. The account was most convincing when it allowed uncertainty and contradiction to remain visible. A conversation afterward showed me how differently two readers can interpret the same remembered event. I also appreciated the moments when the account resisted an easy lesson and allowed uncertainty to remain part of the record. Whose perspective was missing from the account?",discussion,long,Travel Geography,existing_replacement_discussion,Directly asks another reader for an opinion or interpretation.
317,502404,502404,1132,The setup where a young bride enters an estate dominated by the memory of her husband's first wife? I was invested immediately.,review,short,Horror Gothic,existing_corrected_label,Uses a rhetorical question to express enthusiasm rather than requesting a response.
318,500590,500590,1053,"The premise that inspector Kurt Wallander investigates the brutal murder of an elderly couple in rural Sweden creates an immediate source of tension. The strongest material comes from the relationships, while the quieter scenes feels slightly compressed. The way it unfolded felt surprisingly honest. I want another reader's opinion on who was actually responsible.",discussion,polished,Crime Detective,existing_post,Asks a question or directly requests another reader's opinion.
319,600002,,1240,"you should try this one when you want biography and memoir mandela recounts his childhood, anti-apartheid struggle, imprisonment, and political leadership. the main situation keep me interested and give lot to think about",recommendation,imperfect,Biography Memoir,generated_recommendation_v2,Explicitly advises another reader using diversified recommendation wording.
320,500041,500041,1103,the whole thing where two French sisters resist Nazi occupation in different ways during World War II was interesting but some chapter go too fast after that,review,imperfect,Historical Fiction,existing_post,Evaluates the story or argument without advising readership or inviting a response.
321,600011,,1185,Recommended for readers who enjoy business and entrepreneurship. Research on selected companies identifies leadership and organizational patterns linked with sustained performance.,recommendation,short,Business Entrepreneurship,generated_recommendation_v2,Explicitly advises another reader using diversified recommendation wording.
322,600098,,1030,not perfect but still i recommend it a journalist and a hacker investigate a decades-old disappearance within a powerful swedish family. the main situation keep me interested and give lot to think about,recommendation,imperfect,Mystery Thriller,generated_recommendation_v2,Explicitly advises another reader using diversified recommendation wording.
323,600059,,1201,"This one is worth trying and discussing afterward. Research profiles households that build wealth through saving, restraint, and steady habits.",recommendation,short,Finance Investing,generated_recommendation_v2,Explicitly advises another reader using diversified recommendation wording.
324,600041,,1309,"Recommended for readers who enjoy essays and journalism. Two essays examine race, religion, anger, and the possibility of change in the United States.",recommendation,short,Essays Journalism,generated_recommendation_v2,Explicitly advises another reader using diversified recommendation wording.
325,500968,500968,1062,Still thinking about this setup: a couple builds a marriage around uncontrollable journeys through time.,review,short,Romance,existing_hard_negative,Expresses a reaction without advising another reader; added after a false recommendation prediction.
326,501154,501154,1074,"I complained through parts of this and still reached for it whenever I had a free minute. The central situation—a mathematically gifted teenager investigates a dog's death and uncovers a family secret—worked because it gave the moral conflict real consequences instead of treating the conflict as background. The quieter scenes made the stakes feel personal, although a few important changes needed more room to develop. I liked how the consequences were allowed to stay complicated. The smaller reactions around the major events were more convincing than the big speeches. The more I considered the final choice, the less certain I became about who had the better alternative. Would the conflict have happened without that one avoidable decision?",discussion,long,Contemporary Fiction,existing_post,Asks a question or directly requests another reader's opinion.
327,600147,,1170,I would place this on a thoughtful self-development list rather than a simple favorites list. A principle-centered framework connects personal responsibility with relationships and long-term effectiveness. The strongest sections make the reader participate in the judgment instead of supplying a neat conclusion. Even the uneven moments gave me something concrete to argue about afterward.,recommendation,long,Self Development,generated_recommendation_v2,Explicitly advises another reader using diversified recommendation wording.
328,600156,,1326,Accelerating technological change is projected toward a future of merged biological and machine intelligence. the setup had me locked in and the consequences actually stayed with me. I'd send this straight to the group chat tbh.,recommendation,slang,Technology Future,generated_recommendation_v2,Explicitly advises another reader using diversified recommendation wording.
329,503578,503578,1349,"I read this during my commute, and the account of how tibetan Buddhist teachings are presented as guidance for mortality, compassion, and end-of-life care gave the wider history a human scale. Whose perspective was missing from the account?",discussion,casual,Religion Spirituality,existing_post,Asks a question or directly requests another reader's opinion.
330,502163,502163,1142,i really thought i could handle a story where a Black teenager witnesses a police shooting and decides whether to speak publicly. absolutely not 😭,review,slang,Young Adult,existing_hard_negative,Expresses a reaction without advising another reader; added after a false recommendation prediction.
331,600033,,1043,"This earns my recommendation because it offers more than a quick, comfortable answer. Hercule Poirot questions passengers after a man is killed aboard a snowbound luxury train. The central situation develops into consequences that are difficult to reduce to one lesson. I had reservations, but those reservations made the experience more discussable rather than disposable.",recommendation,long,Crime Detective,generated_recommendation_v2,Explicitly advises another reader using diversified recommendation wording.
332,500173,500173,1268,"The evidence supporting the idea that sleep research is used to explain how rest affects memory, health, emotion, and performance gave the larger argument credibility. I wanted the same care in the counterargument. The strongest point was also the one I wanted challenged more.",review,polished,Health Wellness,existing_post,Evaluates the story or argument without advising readership or inviting a response.
333,500327,500327,1336,"I understood the topic differently after reading that ideas from computer science are applied to everyday choices involving search, scheduling, and uncertainty.",review,short,Technology Future,existing_hard_negative,Expresses a reaction without advising another reader; retained after a false recommendation prediction.
334,500871,500871,1048,"What stayed with me was the reaction to this situation: easy Rawlins searches postwar Los Angeles for a missing woman and discovers a dangerous secret. That made the ending feel personal rather than mechanical. I understood the point, but the execution still felt uneven.",review,polished,Crime Detective,existing_post,Evaluates the story or argument without advising readership or inviting a response.
335,600114,,1214,"Emotional awareness and self-regulation are presented as important abilities beyond conventional intelligence. this gets a solid yes from me, go try it. still thinking about the choices, so clearly it did something right.",recommendation,slang,Psychology,generated_recommendation_v2,Explicitly advises another reader using diversified recommendation wording.
336,502616,502616,1246,"This took longer than expected because several passages deserved more attention than a quick reading. The central material—interviews trace the Apple cofounder's creativity, intensity, relationships, and influence on technology—gave the cultural context a clear human focus. The personal perspective helped connect the individual experience with larger events, although one important transition needed more explanation. That detail gave the whole thing more emotional weight. The account was most convincing when it allowed uncertainty and contradiction to remain visible. A conversation afterward showed me how differently two readers can interpret the same remembered event. I also appreciated the moments when the account resisted an easy lesson and allowed uncertainty to remain part of the record. Whose perspective was missing from the account?",discussion,long,Biography Memoir,existing_post,Asks a question or directly requests another reader's opinion.
337,501375,501375,1003,dont know if i loved it but watching how an orphan discovers that he is a wizard and begins school in a hidden magical world definately give me alot to think about,review,imperfect,Fantasy,existing_hard_negative,Expresses a reaction without advising another reader; added after a false recommendation prediction.
338,501109,501109,1074,i really thought i could handle a story where a mathematically gifted teenager investigates a dog's death and uncovers a family secret. absolutely not 🥲,review,slang,Contemporary Fiction,existing_hard_negative,Expresses a reaction without advising another reader; added after a false recommendation prediction.
339,600060,,1202,"Investors are taught to study company quality, management, and long-term growth potential. still thinking about the choices, so clearly it did something right. if you want finance and investing, this is the move.",recommendation,slang,Finance Investing,generated_recommendation_v2,Explicitly advises another reader using diversified recommendation wording.
340,600001,,1239,"I'd tell a friend to try this if they're into biography and memoir. A Jewish teenager records daily life, fear, and hope while hiding during the Holocaust. The setup gave me way more to think about than I expected.",recommendation,casual,Biography Memoir,generated_recommendation_v2,Explicitly advises another reader using diversified recommendation wording.
341,600057,,1199,I would place this on a thoughtful finance and investing list rather than a simple favorites list. Market evidence is used to argue for diversification and low-cost long-term investing. The strongest sections make the reader participate in the judgment instead of supplying a neat conclusion. Even the uneven moments gave me something concrete to argue about afterward.,recommendation,long,Finance Investing,generated_recommendation_v2,Explicitly advises another reader using diversified recommendation wording.
342,600013,,1187,"This gets a yes from me for business and entrepreneurship readers. A technology executive describes difficult decisions involved in building and leading companies. I had complaints, but I was still talking about it later.",recommendation,casual,Business Entrepreneurship,generated_recommendation_v2,Explicitly advises another reader using diversified recommendation wording.
343,500965,500965,1268,"I went in knowing only the basic premise, and the explanation that sleep research is used to explain how rest affects memory, health, emotion, and performance gave me a useful way to think about the subject. The practical advice sounds reasonable, although the limits matter.",review,casual,Health Wellness,existing_hard_negative,Expresses a reaction without advising another reader; added after a false recommendation prediction.
344,600038,,1048,not perfect but still i recommend it easy rawlins searches postwar los angeles for a missing woman and discovers a dangerous secret. the main situation keep me interested and give lot to think about,recommendation,imperfect,Crime Detective,generated_recommendation_v2,Explicitly advises another reader using diversified recommendation wording.
345,501101,501101,1039,"A boy who treasures a forgotten novel investigates why someone is destroying the author's books. Yeah, I need somebody else's opinion.",discussion,short,Mystery Thriller,existing_post,Asks a question or directly requests another reader's opinion.
346,500689,500689,1144,"I complained through parts of this and still reached for it whenever I had a free minute. The central situation—a boy in a controlled community receives memories that reveal the cost of social sameness—worked because it gave the quieter scenes real consequences instead of treating the conflict as background. The emotional consequences made the stakes feel personal, although a few important changes needed more room to develop. The way it unfolded felt surprisingly honest. I would rather have this kind of messy conflict than a neat ending with nothing to discuss. The discussion in my head has lasted longer than the final chapter, so the story clearly did something effective. I want another reader's opinion on who was actually responsible.",discussion,long,Young Adult,existing_post,Asks a question or directly requests another reader's opinion.
347,501254,501254,1018,The most effective scenes begin with the fact that a secret from China's Cultural Revolution leads humanity toward contact with an alien civilization and then refuse to explain every emotion. The idea worked much better than I expected. Did anyone else read that decision as fear rather than courage?,discussion,polished,Science Fiction,existing_post,Asks a question or directly requests another reader's opinion.
348,500013,500013,1020,"I expected a fairly simple experience, but the specific setup kept giving me more to argue with. The central situation—a Black writer is repeatedly pulled from modern California into a slaveholding plantation—worked because it gave the pacing real consequences instead of treating the conflict as background. The moral conflict made the stakes feel personal, although a few important changes needed more room to develop. The setup was stronger than the final payoff. The smaller reactions around the major events were more convincing than the big speeches. I marked several pages because I partly agreed with the decision and partly wanted to argue with it. I still cannot decide whether the final choice was fair.",review,long,Science Fiction,existing_post,Evaluates the story or argument without advising readership or inviting a response.
349,500438,500438,1177,"I approached this with some skepticism because the subject often attracts very confident claims. The central explanation—research and examples compare fixed beliefs about ability with a more adaptable growth the central subject—gave the main framework a clear direction. The real-world examples made the idea easier to understand, although the limitations moved from observation to conclusion too quickly for me. I respected the idea more than I enjoyed reading it. Even where I disagreed, the language gave me a better way to identify the issue in ordinary life. I marked the most practical pages because they were immediately applicable, then marked several others because I wanted to verify them. The framework is memorable, but real life seems messier.",review,long,Self Development,existing_post,Evaluates the story or argument without advising readership or inviting a response.
350,503163,503163,1324,"The central claim—possible futures involving artificial intelligence are explored through technical, social, and ethical questions—is easy to remember and useful for discussion. Its value depends on how carefully readers test the assumptions.",review,polished,Technology Future,existing_hard_negative,Expresses a reaction without advising another reader; added after a false recommendation prediction.
351,600160,,1295,A journalist visits several countries to investigate how place and culture influence happiness. The premise gives the conflict a clear direction without settling every question. My recommendation is simple: give this a thoughtful chance.,recommendation,polished,Travel Geography,generated_recommendation_v2,Explicitly advises another reader using diversified recommendation wording.
352,600100,,1032,A therapist becomes obsessed with learning why a famous painter stopped speaking after a murder. The premise gives the conflict a clear direction without settling every question. My recommendation is simple: give this a thoughtful chance.,recommendation,polished,Mystery Thriller,generated_recommendation_v2,Explicitly advises another reader using diversified recommendation wording.
353,500300,500300,1046,"This took longer than usual because I kept pausing whenever somebody made another avoidable decision. The central situation—detective Sam Spade pursues a valuable statue while navigating betrayal and competing criminals—worked because it gave the relationships real consequences instead of treating the conflict as background. The pacing made the stakes feel personal, although a few important changes needed more room to develop. The setup was stronger than the final payoff. I would rather have this kind of messy conflict than a neat ending with nothing to discuss. I marked several pages because I partly agreed with the decision and partly wanted to argue with it. I want another reader's opinion on who was actually responsible.",discussion,long,Crime Detective,existing_post,Asks a question or directly requests another reader's opinion.
354,501503,501503,1038,The most effective scenes begin with the fact that a brilliant mathematician constructs an alibi while a physicist helps police test the perfect crime and then refuse to explain every emotion. The uncertainty made the payoff stronger. I want another reader's opinion on who was actually responsible.,discussion,polished,Mystery Thriller,existing_post,Asks a question or directly requests another reader's opinion.
355,500048,500048,1077,"The setup—a wrongful conviction tests a newly married couple and the people connected to them—could have felt familiar, but the character choices made it specific. I am still uncertain about the final decision.",review,polished,Contemporary Fiction,existing_post,Evaluates the story or argument without advising readership or inviting a response.
356,600097,,1029,Give this one a chance when you're in the mood for mystery and thriller fiction. A woman's disappearance turns her marriage into a public mystery shaped by lies and manipulation. The setup gave me way more to think about than I expected.,recommendation,casual,Mystery Thriller,generated_recommendation_v2,Explicitly advises another reader using diversified recommendation wording.
357,501399,501399,1065,"first i wasnt sure about the setup, then a teenager experiences an intense summer romance with a visiting scholar in Italy and i couldnt stop reading after",review,imperfect,Romance,existing_hard_negative,Expresses a reaction without advising another reader; added after a false recommendation prediction.
358,502427,502427,1237,"The central subject—independent India's political, social, and cultural history is followed from 1947 onward—is presented with enough detail to support more than one interpretation. Whose perspective was missing from the account?",discussion,polished,History,existing_post,Asks a question or directly requests another reader's opinion.
359,502514,502514,1041,The setup where a medieval friar investigates deaths in an abbey filled with theological disputes and hidden texts? I was invested immediately.,review,short,Mystery Thriller,existing_corrected_label,Uses a rhetorical question to express enthusiasm rather than requesting a response.
360,600172,,1118,"An ex-prisoner seeks a moral life while revolution, poverty, and relentless law shape nineteenth-century France. The consequences remain more memorable than the easiest interpretation. This belongs on the reading list of anyone exploring world classics.",recommendation,polished,World Classics,generated_recommendation_v2,Explicitly advises another reader using diversified recommendation wording.
361,502286,502286,1164,i really thought i could handle a story where an extraordinarily strong and independent girl disrupts ordinary life with imagination and confidence. absolutely not 😭,review,slang,Children,existing_hard_negative,Expresses a reaction without advising another reader; added after a false recommendation prediction.
362,600063,,1268,"This earns my recommendation because it offers more than a quick, comfortable answer. Sleep research is used to explain how rest affects memory, health, emotion, and performance. The central situation develops into consequences that are difficult to reduce to one lesson. I had reservations, but those reservations made the experience more discussable rather than disposable.",recommendation,long,Health Wellness,generated_recommendation_v2,Explicitly advises another reader using diversified recommendation wording.
363,600096,,1091,A father and son travel through a devastated landscape while trying to preserve their humanity. the setup had me locked in and the consequences actually stayed with me. I'd send this straight to the group chat tbh.,recommendation,slang,Literary Fiction,generated_recommendation_v2,Explicitly advises another reader using diversified recommendation wording.
364,503496,503496,1139,"A vampire recounts centuries of desire, guilt, companionship, and violence. Yeah, I need somebody else's opinion.",discussion,short,Horror Gothic,existing_post,Asks a question or directly requests another reader's opinion.
365,600043,,1311,"This gets a yes from me for essays and journalism readers. Reporting and reflection connect individual moments with larger questions of power and belonging. I had complaints, but I was still talking about it later.",recommendation,casual,Essays Journalism,generated_recommendation_v2,Explicitly advises another reader using diversified recommendation wording.
366,600135,,1018,I would suggest this to someone who values science fiction with complicated consequences. A secret from China's Cultural Revolution leads humanity toward contact with an alien civilization. The premise provides an accessible way into the material while leaving the larger questions unsettled. That balance is why I would rather share it than simply summarize it.,recommendation,long,Science Fiction,generated_recommendation_v2,Explicitly advises another reader using diversified recommendation wording.
367,600120,,1339,"A warrior's conversation with Krishna explores duty, action, knowledge, and devotion. still thinking about the choices, so clearly it did something right. if you want religion and spirituality, this is the move.",recommendation,slang,Religion Spirituality,generated_recommendation_v2,Explicitly advises another reader using diversified recommendation wording.
368,501635,501635,1068,"The premise that a photographer and an Iowa homemaker share a brief relationship that reshapes their lives creates an immediate source of tension. The strongest material comes from the pacing, while the relationships feels slightly compressed. The smaller reactions made the situation believable. Did anyone else read that decision as fear rather than courage?",discussion,polished,Romance,existing_replacement_discussion,Directly asks another reader for an opinion or interpretation.
369,500929,500929,1241,"I read this with my book club, expecting a straightforward account, but I ended up pausing often to absorb the context. The central material—a former first lady reflects on family, education, public service, and life in the White House—gave the cultural context a clear human focus. The personal perspective helped connect the individual experience with larger events, although one important transition needed more explanation. I kept returning to that part after finishing. I went back to an earlier section because later context changed how I understood it. The material stayed with me because it was specific enough to resist an easy conclusion. I also appreciated the moments when the account resisted an easy lesson and allowed uncertainty to remain part of the record. Whose perspective was missing from the account?",discussion,long,Biography Memoir,existing_post,Asks a question or directly requests another reader's opinion.
370,503058,503058,1064,The setup where an autistic economist hires a patient escort to help her become comfortable with intimacy? I was invested immediately.,review,short,Romance,existing_corrected_label,Uses a rhetorical question to express enthusiasm rather than requesting a response.
371,600153,,1323,"This earns my recommendation because it offers more than a quick, comfortable answer. The people and collaborations behind computers and the internet are traced across generations. The central situation develops into consequences that are difficult to reduce to one lesson. I had reservations, but those reservations made the experience more discussable rather than disposable.",recommendation,long,Technology Future,generated_recommendation_v2,Explicitly advises another reader using diversified recommendation wording.
372,500265,500265,1300,A novelist drives across the United States with his dog to reconsider the country he writes about. That gave me a lot to reconsider.,review,short,Travel Geography,existing_hard_negative,Expresses a reaction without advising another reader; added after a false recommendation prediction.
373,500334,500334,1070,"I read this with my book club and immediately needed someone to discuss this with: an aging film star reveals the loves, ambitions, and compromises behind her public image. The side characters deserved a little more space, honestly.",discussion,casual,Romance,existing_replacement_discussion,Directly asks another reader for an opinion or interpretation.
374,600170,,1116,"read this when you want something that stay in your mind a poor student commits murder and struggles with guilt, pride, and the possibility of redemption. some part is messy but the consequence make it worth finish",recommendation,imperfect,World Classics,generated_recommendation_v2,Explicitly advises another reader using diversified recommendation wording.
375,500009,500009,1059,"This took longer than usual because I kept pausing whenever somebody made another avoidable decision. The central situation—a devoted man waits decades for another chance with the woman he has always loved—worked because it gave the relationships real consequences instead of treating the conflict as background. The emotional consequences made the stakes feel personal, although a few important changes needed more room to develop. The uncertainty made the payoff stronger. I would rather have this kind of messy conflict than a neat ending with nothing to discuss. A friend asked whether I liked it, and I realized I had spent five minutes explaining the central problem without answering. I still cannot decide whether the final choice was fair.",review,long,Romance,existing_post,Evaluates the story or argument without advising readership or inviting a response.
376,600014,,1188,"i tell my friend give this a chance because it got real ideas nike's founder recounts the risks, relationships, and near failures behind the company's growth. some part is messy but the consequence make it worth finish",recommendation,imperfect,Business Entrepreneurship,generated_recommendation_v2,Explicitly advises another reader using diversified recommendation wording.
377,503036,503036,1145,"Two isolated teenagers form a relationship during one difficult school year. Yeah, I need somebody else's opinion.",discussion,short,Young Adult,existing_post,Asks a question or directly requests another reader's opinion.
378,500613,500613,1083,"The setup where a Bengali American man struggles with his unusual name, family history, and changing identity? I was invested immediately.",review,short,Contemporary Fiction,existing_corrected_label,Uses a rhetorical question to express enthusiasm rather than requesting a response.
379,500299,500299,1143,"first i wasnt sure about the setup, then a shy teenager writes letters while navigating friendship, trauma, and first experiences and i couldnt stop reading after",review,imperfect,Young Adult,existing_hard_negative,Expresses a reaction without advising another reader; added after a false recommendation prediction.
380,502420,502420,1183,"I finished this with a page of useful ideas and another page of questions about the evidence. The central explanation—entrepreneurs are encouraged to test assumptions quickly through experiments and customer feedback—gave the real-world examples a clear direction. The real-world examples made the idea easier to understand, although the practical advice moved from observation to conclusion too quickly for me. I understood the point, but the execution still felt uneven. I found myself agreeing with the diagnosis and questioning whether the proposed solution followed from it. The book was most persuasive when it stayed specific and least persuasive when it treated context as a minor detail. The examples were useful, but do they apply outside the cases chosen?",discussion,long,Business Entrepreneurship,existing_post,Asks a question or directly requests another reader's opinion.
381,600092,,1087,you should try this one when you want literary fiction a child observes racism and moral courage as her father defends a falsely accused black man. the main situation keep me interested and give lot to think about,recommendation,imperfect,Literary Fiction,generated_recommendation_v2,Explicitly advises another reader using diversified recommendation wording.
382,501935,501935,1161,"I read this with my book club and immediately needed someone to discuss this with: a gentle bear and his friends share small adventures in the Hundred Acre Wood. Did the character really change, or only run out of alternatives?",discussion,casual,Children,existing_post,Asks a question or directly requests another reader's opinion.
383,600073,,1103,"This gets a yes from me for historical fiction readers. Two French sisters resist Nazi occupation in different ways during World War II. I had complaints, but I was still talking about it later.",recommendation,casual,Historical Fiction,generated_recommendation_v2,Explicitly advises another reader using diversified recommendation wording.
384,600051,,1004,I would recommend this to a reader who enjoys fantasy but still wants room to disagree. Noble families compete for power while an ancient danger returns beyond a northern wall. The strongest sections make the reader participate in the judgment instead of supplying a neat conclusion. Even the uneven moments gave me something concrete to argue about afterward.,recommendation,long,Fantasy,generated_recommendation_v2,Explicitly advises another reader using diversified recommendation wording.
385,500717,500717,1186,"I read this during my commute, expecting a quick overview, but I ended up taking more notes than planned. The central explanation—organizations are urged to communicate the purpose behind their work before explaining products or methods—gave the main framework a clear direction. The real-world examples made the idea easier to understand, although the evidence moved from observation to conclusion too quickly for me. I understood the point, but the execution still felt uneven. I found myself agreeing with the diagnosis and questioning whether the proposed solution followed from it. The framework is memorable enough that I caught myself using it later, which is useful even if the evidence deserves another source. The examples were useful, but do they apply outside the cases chosen?",discussion,long,Business Entrepreneurship,existing_post,Asks a question or directly requests another reader's opinion.
386,500353,500353,1327,"I finished this with a page of useful ideas and another page of questions about the evidence. The central explanation—the history of secret communication moves from ancient ciphers to modern cryptography—gave the limitations a clear direction. The real-world examples made the idea easier to understand, although the practical advice moved from observation to conclusion too quickly for me. I respected the idea more than I enjoyed reading it. I would treat the broadest claims as a starting point rather than a final answer. I will probably revisit the clearest chapter, but I would pair it with a source that gives more attention to disagreement and limitations. The examples were useful, but do they apply outside the cases chosen?",discussion,long,Technology Future,existing_post,Asks a question or directly requests another reader's opinion.
387,500680,500680,1025,"I came back after putting it down for a week, and my opinion changed several times before I reached the end. The central situation—a physicist travels between rival societies and tests their competing ideas about freedom—worked because it gave the character choices real consequences instead of treating the conflict as background. The final decision made the stakes feel personal, although a few important changes needed more room to develop. The setup was stronger than the final payoff. I would rather have this kind of messy conflict than a neat ending with nothing to discuss. The discussion in my head has lasted longer than the final chapter, so the story clearly did something effective. I still cannot decide whether the final choice was fair.",review,long,Science Fiction,existing_post,Evaluates the story or argument without advising readership or inviting a response.
388,501049,501049,1105,The most effective scenes begin with the fact that four damaged people gather in an Italian villa near the end of World War II and then refuse to explain every emotion. Some parts landed and others felt too convenient. I want another reader's opinion on who was actually responsible.,discussion,polished,Historical Fiction,existing_post,Asks a question or directly requests another reader's opinion.
389,500018,500018,1270,The strongest part is the explanation that nutrition research is presented in support of plant-centered eating and disease prevention. The examples are memorable without making the subject seem simpler than it is. I kept changing my mind about whether it worked.,review,polished,Health Wellness,existing_post,Evaluates the story or argument without advising readership or inviting a response.
390,502441,502441,1218,"I finished this with a page of useful ideas and another page of questions about the evidence. The central explanation—experiments demonstrate recurring ways people make choices that depart from strict rationality—gave the main framework a clear direction. The real-world examples made the idea easier to understand, although the real-world examples moved from observation to conclusion too quickly for me. The good moments carried a middle that dragged. I found myself agreeing with the diagnosis and questioning whether the proposed solution followed from it. The framework is memorable enough that I caught myself using it later, which is useful even if the evidence deserves another source. The examples were useful, but do they apply outside the cases chosen?",discussion,long,Psychology,existing_post,Asks a question or directly requests another reader's opinion.
391,600072,,1102,"The building of a cathedral binds together clergy, builders, and nobles in medieval England. it got messy but like, the interesting kind of messy. ok yeah put this on your list fr.",recommendation,slang,Historical Fiction,generated_recommendation_v2,Explicitly advises another reader using diversified recommendation wording.
392,502099,502099,1320,"My quick take: personal essays rate features of human life while reflecting on history, loss, and wonder. Strong perspective, a few unanswered questions, and plenty to sit with.",review,casual,Essays Journalism,existing_hard_negative,Expresses a reaction without advising another reader; added after a false recommendation prediction.
393,503306,503306,1264,"I picked this up for a quick overview, but the discussion showing that short chapters introduce major ideas about matter, space, gravity, and cosmic history gave me more to think about. I respected the idea more than I enjoyed reading it.",review,casual,Science Nature,existing_hard_negative,Expresses a reaction without advising another reader; added after a false recommendation prediction.
394,503112,503112,1319,"ngl the account of how political and literary the central subject examine power, language, class, empire, and the responsibilities of writing had me taking notes and sitting with it for a while",review,slang,Essays Journalism,existing_hard_negative,Expresses a reaction without advising another reader; added after a false recommendation prediction.
395,501454,501454,1322,this describe how a writer examines grief and disorientation during the year after her husband's sudden death and some part is hard to read but important,review,imperfect,Essays Journalism,existing_hard_negative,Expresses a reaction without advising another reader; added after a false recommendation prediction.
396,502384,502384,1079,"A grieving and rigid widower is gradually drawn into the lives of his persistent neighbors. Yeah, I need somebody else's opinion.",discussion,short,Contemporary Fiction,existing_post,Asks a question or directly requests another reader's opinion.
397,503261,503261,1158,The setup where a curious girl follows a rabbit into a world governed by strange logic? I was invested immediately.,review,short,Children,existing_corrected_label,Uses a rhetorical question to express enthusiasm rather than requesting a response.
398,600095,,1090,Give this a chance; the central idea has weight. Friends raised at an unusual English school slowly understand the purpose chosen for their lives.,recommendation,short,Literary Fiction,generated_recommendation_v2,Explicitly advises another reader using diversified recommendation wording.
399,503601,503601,1113,i really thought i could handle a story where an aging reader of chivalric tales becomes a wandering knight and mistakes imagination for reality. absolutely not 😭,review,slang,World Classics,existing_hard_negative,Expresses a reaction without advising another reader; added after a false recommendation prediction.
400,501620,501620,1023,okay so scientists orbiting a mysterious planet confront physical manifestations of their memories and guilt and somehow i still thought this would be a chill read 💀,review,slang,Science Fiction,existing_hard_negative,Expresses a reaction without advising another reader; added after a false recommendation prediction.
401,503041,503041,1177,"I read this during my commute, and the explanation that research and examples compare fixed beliefs about ability with a more adaptable growth the central subject gave me a useful way to think about the subject. The examples were useful, but do they apply outside the cases chosen?",discussion,casual,Self Development,existing_post,Asks a question or directly requests another reader's opinion.
402,500073,500073,1293,"The discussion begins from the idea that differences in national prosperity are linked to inclusive or extractive political institutions. That gives the practical advice a clear structure, although the main framework needs more qualification. I wish the counterargument had received more attention.",review,polished,Politics Society,existing_post,Evaluates the story or argument without advising readership or inviting a response.
403,500291,500291,1319,"Political and literary the central subject examine power, language, class, empire, and the responsibilities of writing. Powerful, but I wanted more context.",review,short,Essays Journalism,existing_hard_negative,Expresses a reaction without advising another reader; added after a false recommendation prediction.
404,600047,,1315,I would suggest this despite a few rough edges. Essays combine literary criticism and personal experience to examine race and belonging.,recommendation,short,Essays Journalism,generated_recommendation_v2,Explicitly advises another reader using diversified recommendation wording.
405,600113,,1213,"Try this when you want thoughtful psychology. Clinical experience and research examine how trauma can affect the brain, body, and relationships.",recommendation,short,Psychology,generated_recommendation_v2,Explicitly advises another reader using diversified recommendation wording.
406,500022,500022,1195,"I approached this with some skepticism because the subject often attracts very confident claims. The central explanation—core ideas from marketing, finance, operations, and decision-making are organized into an accessible overview—gave the broader conclusion a clear direction. The real-world examples made the idea easier to understand, although the counterargument moved from observation to conclusion too quickly for me. That detail gave the whole thing more emotional weight. The strongest sections admitted uncertainty, while the weaker ones sounded as if one method would fit everybody. The book was most persuasive when it stayed specific and least persuasive when it treated context as a minor detail. The practical advice sounds reasonable, although the limits matter.",review,long,Business Entrepreneurship,existing_post,Evaluates the story or argument without advising readership or inviting a response.
407,502449,502449,1038,"I complained through parts of this and still reached for it whenever I had a free minute. The central situation—a brilliant mathematician constructs an alibi while a physicist helps police test the perfect crime—worked because it gave the quieter scenes real consequences instead of treating the conflict as background. The moral conflict made the stakes feel personal, although a few important changes needed more room to develop. The explanation was repeated without becoming clearer. I went back to an earlier scene because the later context changed how I understood it. A friend asked whether I liked it, and I realized I had spent five minutes explaining the central problem without answering. I still cannot decide whether the final choice was fair.",review,long,Mystery Thriller,existing_post,Evaluates the story or argument without advising readership or inviting a response.
408,500588,500588,1080,"This took longer than usual because I kept pausing whenever somebody made another avoidable decision. The central situation—a woman between life and death explores alternate versions of the choices she might have made—worked because it gave the final decision real consequences instead of treating the conflict as background. The moral conflict made the stakes feel personal, although a few important changes needed more room to develop. I wanted the story to challenge that choice more. Even my complaints came from caring about what would happen next. The more I considered the final choice, the less certain I became about who had the better alternative. Would the conflict have happened without that one avoidable decision?",discussion,long,Contemporary Fiction,existing_replacement_discussion,Directly asks another reader for an opinion or interpretation.
409,501094,501094,1071,"An Afghan man returns to the consequences of a childhood betrayal and searches for redemption. Yeah, I need somebody else's opinion.",discussion,short,Contemporary Fiction,existing_post,Asks a question or directly requests another reader's opinion.
410,500769,500769,1337,"A collection of sacred writings tells histories, laws, poetry, prophecy, teachings, and early Christian accounts. That gave me a lot to reconsider.",review,short,Religion Spirituality,existing_hard_negative,Expresses a reaction without advising another reader; added after a false recommendation prediction.
411,600086,,1130,"you can try this one, it explain the main idea good friends confront a shape-shifting evil that returns to their maine town across generations. it stay in my mind after and that is why i suggest it",recommendation,imperfect,Horror Gothic,generated_recommendation_v2,Explicitly advises another reader using diversified recommendation wording.
412,500848,500848,1008,"I read this with my book club, and the fact that soldiers, rulers, and scholars face war and supernatural change on a storm-battered world was what finally pulled me in. It gave me more to think about than I expected. Would the conflict have happened without that one avoidable decision?",discussion,casual,Fantasy,existing_post,Asks a question or directly requests another reader's opinion.
413,502224,502224,1008,"This took longer than usual because I kept pausing whenever somebody made another avoidable decision. The central situation—soldiers, rulers, and scholars face war and supernatural change on a storm-battered world—worked because it gave the moral conflict real consequences instead of treating the conflict as background. The final decision made the stakes feel personal, although a few important changes needed more room to develop. I respected the idea more than I enjoyed reading it. I would rather have this kind of messy conflict than a neat ending with nothing to discuss. The discussion in my head has lasted longer than the final chapter, so the story clearly did something effective. The side characters deserved a little more space, honestly.",review,long,Fantasy,existing_post,Evaluates the story or argument without advising readership or inviting a response.
414,500567,500567,1033,i really thought i could handle a story where a drawing teacher encounters a distressed woman and uncovers a conspiracy involving identity and inheritance. absolutely not 👀,review,slang,Mystery Thriller,existing_hard_negative,Expresses a reaction without advising another reader; added after a false recommendation prediction.
415,503195,503195,1063,i really thought i could handle a story where the son of a U.S. president falls in love with a British prince under intense public scrutiny. absolutely not 🙃,review,slang,Romance,existing_hard_negative,Expresses a reaction without advising another reader; added after a false recommendation prediction.
416,502874,502874,1093,"I finished this a few hours ago and still do not have a clean rating in mind. The central situation—a Black woman in the American South finds voice and independence through letters and relationships—worked because it gave the ending real consequences instead of treating the conflict as background. The pacing made the stakes feel personal, although a few important changes needed more room to develop. I kept returning to that part after finishing. I appreciated that the people involved could be sympathetic and frustrating at the same time. I marked several pages because I partly agreed with the decision and partly wanted to argue with it. Was the ending meant to feel hopeful or just unresolved?",discussion,long,Literary Fiction,existing_post,Asks a question or directly requests another reader's opinion.
417,500284,500284,1098,"The most effective scenes begin with the fact that artists in Ottoman Istanbul confront murder, love, and conflict over changing styles of representation and then refuse to explain every emotion. The smaller reactions made the situation believable. I need to know whether anyone else trusted that explanation.",discussion,polished,Literary Fiction,existing_replacement_discussion,Directly asks another reader for an opinion or interpretation.
418,600103,,1035,"This gets a yes from me for mystery and thriller fiction readers. The plot asks readers to reconsider motives as hidden connections emerge. I had complaints, but I was still talking about it later.",recommendation,casual,Mystery Thriller,generated_recommendation_v2,Explicitly advises another reader using diversified recommendation wording.
419,500034,500034,1201,"This was most persuasive when it stayed specific about the claim that research profiles households that build wealth through saving, restraint, and steady habits. The wider conclusion deserved stronger limits.",review,polished,Finance Investing,existing_post,Evaluates the story or argument without advising readership or inviting a response.
420,501667,501667,1305,"My quick take: a youthful walk across 1930s Europe captures landscapes and cultures before war transformed them. Strong perspective, a few unanswered questions, and plenty to sit with.",review,casual,Travel Geography,existing_hard_negative,Expresses a reaction without advising another reader; added after a false recommendation prediction.
421,503618,503618,1114,"The most effective scenes begin with the fact that russian families face love, loss, and national upheaval during the Napoleonic wars and then refuse to explain every emotion. The ending helped, but it did not solve every problem. I want another reader's opinion on who was actually responsible.",discussion,polished,World Classics,existing_post,Asks a question or directly requests another reader's opinion.
422,501311,501311,1088,"The most effective scenes begin with the fact that generations of the Buendía family repeat patterns of love, ambition, and loss in Macondo and then refuse to explain every emotion. The setup was stronger than the final payoff. Did anyone else read that decision as fear rather than courage?",discussion,polished,Literary Fiction,existing_post,Asks a question or directly requests another reader's opinion.
423,503535,503535,1065,"My quick take: a teenager experiences an intense summer romance with a visiting scholar in Italy. Strong setup, uneven middle, and an ending I am still processing.",review,casual,Romance,existing_hard_negative,Expresses a reaction without advising another reader; added after a false recommendation prediction.
424,500080,500080,1188,"i was not expect the explanation that nike's founder recounts the risks, relationships, and near failures behind the company's growth to be useful. some conclusion is too easy tho",review,imperfect,Business Entrepreneurship,existing_post,Evaluates the story or argument without advising readership or inviting a response.
425,501478,501478,1250,"I read this during my commute, and the account of how a graphic memoir follows a girl's childhood during the Iranian Revolution and her later life abroad gave the wider history a human scale. Whose perspective was missing from the account?",discussion,casual,Biography Memoir,existing_post,Asks a question or directly requests another reader's opinion.
426,503754,503754,1171,"I went in knowing only the basic premise, and the explanation that examples and guidelines explain how attention, respect, and empathy can improve communication gave me a useful way to think about the subject. The framework is memorable, but real life seems messier.",review,casual,Self Development,existing_hard_negative,Expresses a reaction without advising another reader; added after a false recommendation prediction.
427,500001,500001,1163,"I knew the basic setup was that a girl travels through a magical land with companions seeking courage, heart, and wisdom, but I was not ready for how personal the consequences became. I want another reader's opinion on who was actually responsible.",discussion,casual,Children,existing_post,Asks a question or directly requests another reader's opinion.
428,600087,,1131,I would place this on a thoughtful horror and gothic fiction list rather than a simple favorites list. Investigators stay in a disturbing mansion whose influence is especially powerful over one guest. The strongest sections make the reader participate in the judgment instead of supplying a neat conclusion. Even the uneven moments gave me something concrete to argue about afterward.,recommendation,long,Horror Gothic,generated_recommendation_v2,Explicitly advises another reader using diversified recommendation wording.
429,502481,502481,1104,The most effective scenes begin with the fact that a Slovakian prisoner tattoos identification numbers at Auschwitz and forms a relationship with another prisoner and then refuse to explain every emotion. The uncertainty made the payoff stronger. Did anyone else read that decision as fear rather than courage?,discussion,polished,Historical Fiction,existing_post,Asks a question or directly requests another reader's opinion.
430,600099,,1031,"This would be my pick for someone seeking mystery and thriller fiction that rewards a slower response. A murder in the Louvre sends a professor and cryptologist through a trail of religious symbols. The central situation develops into consequences that are difficult to reduce to one lesson. I had reservations, but those reservations made the experience more discussable rather than disposable.",recommendation,long,Mystery Thriller,generated_recommendation_v2,Explicitly advises another reader using diversified recommendation wording.
431,500297,500297,1049,I went in knowing only the basic premise and immediately needed someone to discuss this with: detective Harry Hole hunts a serial killer connected to missing women and ominous snowmen. Would the conflict have happened without that one avoidable decision?,discussion,casual,Crime Detective,existing_post,Asks a question or directly requests another reader's opinion.
432,500089,500089,1300,"This took longer than expected because several passages deserved more attention than a quick reading. The central material—a novelist drives across the United States with his dog to reconsider the country he writes about—gave the treatment of memory a clear human focus. The cultural context helped connect the individual experience with larger events, although one important transition needed more explanation. The ending helped, but it did not solve every problem. The account was most convincing when it allowed uncertainty and contradiction to remain visible. The context made familiar events feel less settled and much more connected to ordinary lives. I also appreciated the moments when the account resisted an easy lesson and allowed uncertainty to remain part of the record. I wanted more context around one important transition.",review,long,Travel Geography,existing_post,Evaluates the story or argument without advising readership or inviting a response.
433,503480,503480,1319,"Still thinking about this account: political and literary the central subject examine power, language, class, empire, and the responsibilities of writing.",review,short,Essays Journalism,existing_hard_negative,Expresses a reaction without advising another reader; added after a false recommendation prediction.
434,600027,,1073,I would place this on a thoughtful contemporary fiction list rather than a simple favorites list. A teenager survives at sea with a Bengal tiger and later offers competing versions of his ordeal. The strongest sections make the reader participate in the judgment instead of supplying a neat conclusion. Even the uneven moments gave me something concrete to argue about afterward.,recommendation,long,Contemporary Fiction,generated_recommendation_v2,Explicitly advises another reader using diversified recommendation wording.
435,600058,,1200,Short stories show how behavior and personal experience shape financial decisions. This is one I can recommend without pretending it is flawless. The consequences remain more memorable than the easiest interpretation.,recommendation,polished,Finance Investing,generated_recommendation_v2,Explicitly advises another reader using diversified recommendation wording.
436,503584,503584,1086,okay so a mysterious millionaire pursues an old love amid wealth and illusion on Long Island and somehow i still thought this would be a chill read 😩,review,slang,Literary Fiction,existing_hard_negative,Expresses a reaction without advising another reader; added after a false recommendation prediction.
437,600159,,1329,"This would be my pick for someone seeking technology and the future that rewards a slower response. Opaque algorithms are shown reinforcing inequality in education, employment, policing, and finance. The central situation develops into consequences that are difficult to reduce to one lesson. I had reservations, but those reservations made the experience more discussable rather than disposable.",recommendation,long,Technology Future,generated_recommendation_v2,Explicitly advises another reader using diversified recommendation wording.
438,500591,500591,1214,"I approached this with some skepticism because the subject often attracts very confident claims. The central explanation—emotional awareness and self-regulation are presented as important abilities beyond conventional intelligence—gave the main framework a clear direction. The real-world examples made the idea easier to understand, although the practical advice moved from observation to conclusion too quickly for me. I finished with more annoyance than curiosity. The strongest sections admitted uncertainty, while the weaker ones sounded as if one method would fit everybody. I will probably revisit the clearest chapter, but I would pair it with a source that gives more attention to disagreement and limitations. One chapter clarified the idea and the next oversimplified it.",review,long,Psychology,existing_post,Evaluates the story or argument without advising readership or inviting a response.
439,500094,500094,1275,"I finished it in two very different moods, expecting a quick overview, but I ended up taking more notes than planned. The central explanation—a critique of industrial diets argues for eating recognizable foods with greater simplicity—gave the evidence a clear direction. The real-world examples made the idea easier to understand, although the broader conclusion moved from observation to conclusion too quickly for me. The point felt more convincing than the people making it. Even where I disagreed, the language gave me a better way to identify the issue in ordinary life. I will probably revisit the clearest chapter, but I would pair it with a source that gives more attention to disagreement and limitations. I still want to check how strong the evidence is.",review,long,Health Wellness,existing_post,Evaluates the story or argument without advising readership or inviting a response.
440,500791,500791,1097,I read this during my commute and immediately needed someone to discuss this with: a Sudanese narrator encounters a charismatic stranger whose past links Europe and colonial violence. Why did nobody have an honest conversation sooner?,discussion,casual,Literary Fiction,existing_post,Asks a question or directly requests another reader's opinion.
441,500186,500186,1234,i understand the situation better now after reading how the destruction and displacement of Native nations is recounted from Indigenous-centered sources,review,imperfect,History,existing_post,Evaluates the story or argument without advising readership or inviting a response.
442,500225,500225,1141,"I complained through parts of this and still reached for it whenever I had a free minute. The central situation—a teenager is forced into a televised fight to the death and becomes a symbol of resistance—worked because it gave the relationships real consequences instead of treating the conflict as background. The emotional consequences made the stakes feel personal, although a few important changes needed more room to develop. The way it unfolded felt surprisingly honest. Even my complaints came from caring about what would happen next. I could understand two opposing reactions to the relationships, which is probably why that part stayed with me. I am still unsure whether the last reveal improved the story.",review,long,Young Adult,existing_post,Evaluates the story or argument without advising readership or inviting a response.
443,600039,,1049,"This would be my pick for someone seeking crime and detective fiction that rewards a slower response. Detective Harry Hole hunts a serial killer connected to missing women and ominous snowmen. The central situation develops into consequences that are difficult to reduce to one lesson. I had reservations, but those reservations made the experience more discussable rather than disposable.",recommendation,long,Crime Detective,generated_recommendation_v2,Explicitly advises another reader using diversified recommendation wording.
444,503830,503830,1191,"I read this with my book club, and the explanation that companies are encouraged to create new demand rather than fight over crowded markets gave me a useful way to think about the subject. The examples were useful, but do they apply outside the cases chosen?",discussion,casual,Business Entrepreneurship,existing_post,Asks a question or directly requests another reader's opinion.
445,503364,503364,1250,the account explain how a graphic memoir follows a girl's childhood during the Iranian Revolution and her later life abroad and it make the history feel more real for me,review,imperfect,Biography Memoir,existing_hard_negative,Expresses a reaction without advising another reader; added after a false recommendation prediction.
446,503758,503758,1323,"The book argues that the people and collaborations behind computers and the internet are traced across generations. That made sense, although the advice sometimes sounded too universal.",review,casual,Technology Future,existing_hard_negative,Expresses a reaction without advising another reader; added after a false recommendation prediction.
447,600064,,1269,"A physician presents a prevention-focused approach to longevity, exercise, and chronic disease risk. The premise gives the conflict a clear direction without settling every question. This is worth reading for its approach to health and wellness.",recommendation,polished,Health Wellness,generated_recommendation_v2,Explicitly advises another reader using diversified recommendation wording.
448,502083,502083,1225,"I read this during my commute, and the account of how a broad history follows humanity from early societies to modern global systems gave the wider history a human scale. Whose perspective was missing from the account?",discussion,casual,History,existing_post,Asks a question or directly requests another reader's opinion.
449,600105,,1282,"I would suggest this to someone who values politics and society with complicated consequences. A concise study of political power advises rulers on strategy, stability, and reputation. The premise provides an accessible way into the material while leaving the larger questions unsettled. That balance is why I would rather share it than simply summarize it.",recommendation,long,Politics Society,generated_recommendation_v2,Explicitly advises another reader using diversified recommendation wording.
450,500897,500897,1300,the way a novelist drives across the United States with his dog to reconsider the country he writes about was interesting but it need another perspective for me,review,imperfect,Travel Geography,existing_hard_negative,Expresses a reaction without advising another reader; added after a false recommendation prediction.
451,502815,502815,1082,i really thought i could handle a story where two lovers flee a city at war through mysterious doors that transport refugees across borders. absolutely not 😭,review,slang,Contemporary Fiction,existing_hard_negative,Expresses a reaction without advising another reader; added after a false recommendation prediction.
452,501219,501219,1002,The most effective scenes begin with the fact that a fellowship carries a dangerous ring toward destruction while war spreads across Middle-earth and then refuse to explain every emotion. That was the moment I became fully invested. I want another reader's opinion on who was actually responsible.,discussion,polished,Fantasy,existing_post,Asks a question or directly requests another reader's opinion.
453,501367,501367,1208,"I finished this with a page of useful ideas and another page of questions about the evidence. The central explanation—detailed methods evaluate businesses and securities by studying financial fundamentals—gave the limitations a clear direction. The real-world examples made the idea easier to understand, although the counterargument moved from observation to conclusion too quickly for me. I wanted the story to challenge that choice more. I appreciated the concrete cases because they made it easier to separate a useful framework from the larger promises. The framework is memorable enough that I caught myself using it later, which is useful even if the evidence deserves another source. The examples were useful, but do they apply outside the cases chosen?",discussion,long,Finance Investing,existing_post,Asks a question or directly requests another reader's opinion.
454,501860,501860,1167,"I finished it during a long train ride, and my opinion changed several times before I reached the end. The central situation—a caterpillar eats through many foods before transforming into a butterfly—worked because it gave the ending real consequences instead of treating the conflict as background. The emotional consequences made the stakes feel personal, although a few important changes needed more room to develop. It gave me more to think about than I expected. I went back to an earlier scene because the later context changed how I understood it. I could understand two opposing reactions to the ending, which is probably why that part stayed with me. Would the conflict have happened without that one avoidable decision?",discussion,long,Children,existing_post,Asks a question or directly requests another reader's opinion.
455,600067,,1272,"Give this one a chance when you're in the mood for health and wellness. The book presents health as a combination of biology, behavior, environment, and social support. The setup gave me way more to think about than I expected.",recommendation,casual,Health Wellness,generated_recommendation_v2,Explicitly advises another reader using diversified recommendation wording.
456,600028,,1074,A mathematically gifted teenager investigates a dog's death and uncovers a family secret. The consequences remain more memorable than the easiest interpretation. This is one I can recommend without pretending it is flawless.,recommendation,polished,Contemporary Fiction,generated_recommendation_v2,Explicitly advises another reader using diversified recommendation wording.
457,502367,502367,1282,"I picked this up for a quick overview, but the discussion showing that a concise study of political power advises rulers on strategy, stability, and reputation gave me more to think about. I respected the idea more than I enjoyed reading it.",review,casual,Politics Society,existing_hard_negative,Expresses a reaction without advising another reader; added after a false recommendation prediction.
458,600068,,1273,"not perfect but still i recommend it medicine's approach to aging and death is examined through families, patients, and caregiving institutions. the main situation keep me interested and give lot to think about",recommendation,imperfect,Health Wellness,generated_recommendation_v2,Explicitly advises another reader using diversified recommendation wording.
459,600173,,1119,Try this when you want thoughtful world classics. A doctor's wife pursues romance and luxury beyond the limits of provincial life.,recommendation,short,World Classics,generated_recommendation_v2,Explicitly advises another reader using diversified recommendation wording.
460,500215,500215,1125,"I expected a fairly simple experience, but the specific setup kept giving me more to argue with. The central situation—a Greek king struggles for years to return home after the Trojan War—worked because it gave the moral conflict real consequences instead of treating the conflict as background. The quieter scenes made the stakes feel personal, although a few important changes needed more room to develop. It was interesting and frustrating in almost equal amounts. Even my complaints came from caring about what would happen next. I could understand two opposing reactions to the moral conflict, which is probably why that part stayed with me. Why did nobody have an honest conversation sooner?",discussion,long,World Classics,existing_post,Asks a question or directly requests another reader's opinion.
461,500050,500050,1306,"This took longer than expected because several passages deserved more attention than a quick reading. The central material—the search for explorer Percy Fawcett becomes an investigation of obsession and the Amazon—gave the personal perspective a clear human focus. The narrative structure helped connect the individual experience with larger events, although one important transition needed more explanation. I liked how the consequences were allowed to stay complicated. The account was most convincing when it allowed uncertainty and contradiction to remain visible. The context made familiar events feel less settled and much more connected to ordinary lives. I also appreciated the moments when the account resisted an easy lesson and allowed uncertainty to remain part of the record. The historical context changed how I understood the personal choices.",review,long,Travel Geography,existing_post,Evaluates the story or argument without advising readership or inviting a response.
462,500741,500741,1142,"I knew the basic setup was that a Black teenager witnesses a police shooting and decides whether to speak publicly, but I was not ready for how personal the consequences became. I need to know whether anyone else trusted that explanation.",discussion,casual,Young Adult,existing_post,Asks a question or directly requests another reader's opinion.
463,500405,500405,1073,"This took longer than usual because I kept pausing whenever somebody made another avoidable decision. The central situation—a teenager survives at sea with a Bengal tiger and later offers competing versions of his ordeal—worked because it gave the final decision real consequences instead of treating the conflict as background. The ending made the stakes feel personal, although a few important changes needed more room to develop. I could predict the direction too early. I would rather have this kind of messy conflict than a neat ending with nothing to discuss. I could understand two opposing reactions to the final decision, which is probably why that part stayed with me. The side characters deserved a little more space, honestly.",review,long,Contemporary Fiction,existing_post,Evaluates the story or argument without advising readership or inviting a response.
464,501916,501916,1173,"This took me longer than expected because I kept pausing to compare the argument with my own experience. The central explanation—a classic success manual links clear goals, persistence, and belief with achievement—gave the main framework a clear direction. The real-world examples made the idea easier to understand, although the real-world examples moved from observation to conclusion too quickly for me. I lost patience with how long the conflict was delayed. I would treat the broadest claims as a starting point rather than a final answer. The framework is memorable enough that I caught myself using it later, which is useful even if the evidence deserves another source. The examples were useful, but do they apply outside the cases chosen?",discussion,long,Self Development,existing_post,Asks a question or directly requests another reader's opinion.
465,600130,,1062,A couple builds a marriage around uncontrollable journeys through time. My recommendation is simple: give this a thoughtful chance. The premise gives the conflict a clear direction without settling every question.,recommendation,polished,Romance,generated_recommendation_v2,Explicitly advises another reader using diversified recommendation wording.
466,503869,503869,1252,The central subject—a journalist remembers a brilliant but unstable family shaped by poverty and parental neglect—is presented with enough detail to support more than one interpretation. Whose perspective was missing from the account?,discussion,polished,Biography Memoir,existing_post,Asks a question or directly requests another reader's opinion.
467,500061,500061,1318,The central subject—a concise personal argument explains why gender equality benefits everyone—is presented with enough detail to support more than one interpretation. Whose perspective was missing from the account?,discussion,polished,Essays Journalism,existing_post,Asks a question or directly requests another reader's opinion.
468,600165,,1300,I would suggest this to someone who values travel and geography with complicated consequences. A novelist drives across the United States with his dog to reconsider the country he writes about. The premise provides an accessible way into the material while leaving the larger questions unsettled. That balance is why I would rather share it than simply summarize it.,recommendation,long,Travel Geography,generated_recommendation_v2,Explicitly advises another reader using diversified recommendation wording.
469,500701,500701,1110,"I finished this a few hours ago and still do not have a clean rating in mind. The central situation—a family story connects divided Cyprus, migration, memory, and a watchful fig tree—worked because it gave the pacing real consequences instead of treating the conflict as background. The final decision made the stakes feel personal, although a few important changes needed more room to develop. The uncertainty made the payoff stronger. I would rather have this kind of messy conflict than a neat ending with nothing to discuss. I marked several pages because I partly agreed with the decision and partly wanted to argue with it. I want another reader's opinion on who was actually responsible.",discussion,long,Historical Fiction,existing_post,Asks a question or directly requests another reader's opinion.
470,500950,500950,1334,"This took me longer than expected because I kept pausing to compare the argument with my own experience. The central explanation—semiconductors are placed at the center of modern economics, technology, and geopolitical rivalry—gave the real-world examples a clear direction. The real-world examples made the idea easier to understand, although the historical context moved from observation to conclusion too quickly for me. I kept returning to that part after finishing. The strongest sections admitted uncertainty, while the weaker ones sounded as if one method would fit everybody. I marked the most practical pages because they were immediately applicable, then marked several others because I wanted to verify them. The examples were useful, but do they apply outside the cases chosen?",discussion,long,Technology Future,existing_post,Asks a question or directly requests another reader's opinion.
471,500026,500026,1178,The evidence supporting the idea that long-term passion and persistence are examined as important parts of achievement gave the larger argument credibility. I wanted the same care in the counterargument. The strongest point was also the one I wanted challenged more.,review,polished,Self Development,existing_post,Evaluates the story or argument without advising readership or inviting a response.
472,503432,503432,1021,i really thought i could handle a story where an astronaut stranded on Mars uses science and humor to survive until rescue is possible. absolutely not 🥲,review,slang,Science Fiction,existing_hard_negative,Expresses a reaction without advising another reader; added after a false recommendation prediction.
473,502667,502667,1336,"I kept stopping to compare this idea with my own experience: ideas from computer science are applied to everyday choices involving search, scheduling, and uncertainty. It was interesting and frustrating in almost equal amounts. The framework is memorable, but real life seems messier.",review,casual,Technology Future,existing_hard_negative,Expresses a reaction without advising another reader; added after a false recommendation prediction.
474,503043,503043,1248,"I read this with my book club, and the account of how a comedian recounts growing up as a mixed-race child under and after South African apartheid gave the wider history a human scale. Whose perspective was missing from the account?",discussion,casual,Biography Memoir,existing_post,Asks a question or directly requests another reader's opinion.
475,500011,500011,1196,"The discussion begins from the idea that amazon's rise is traced through Jeff Bezos's ambition, strategy, and demanding company culture. That gives the counterargument a clear structure, although the historical context needs more qualification. The strongest point was also the one I wanted challenged more.",review,polished,Business Entrepreneurship,existing_post,Evaluates the story or argument without advising readership or inviting a response.
476,600085,,1129,"If you want some horror and gothic fiction with real consequences, try this. A family's isolated winter in a hotel awakens supernatural forces and a father's violence. The consequences are what made the whole thing stick for me.",recommendation,casual,Horror Gothic,generated_recommendation_v2,Explicitly advises another reader using diversified recommendation wording.
477,500103,500103,1250,The context surrounding how a graphic memoir follows a girl's childhood during the Iranian Revolution and her later life abroad gave the larger account credibility. I wanted the same care in the opposing perspective.,review,polished,Biography Memoir,existing_post,Evaluates the story or argument without advising readership or inviting a response.
478,503435,503435,1164,okay so an extraordinarily strong and independent girl disrupts ordinary life with imagination and confidence and somehow i still thought this would be a chill read 😩,review,slang,Children,existing_hard_negative,Expresses a reaction without advising another reader; added after a false recommendation prediction.
479,501572,501572,1121,"The premise that a court noble's relationships reveal the beauty, hierarchy, and impermanence of Heian Japan creates an immediate source of tension. The strongest material comes from the pacing, while the emotional consequences feels slightly compressed. The point felt more convincing than the people making it. I need to know whether anyone else trusted that explanation.",discussion,polished,World Classics,existing_post,Asks a question or directly requests another reader's opinion.
480,503236,503236,1126,"The decline of a wealthy Chinese family unfolds through love, household life, and social change. Yeah, I need somebody else's opinion.",discussion,short,World Classics,existing_post,Asks a question or directly requests another reader's opinion.
481,502087,502087,1090,The setup where friends raised at an unusual English school slowly understand the purpose chosen for their lives? I was invested immediately.,review,short,Literary Fiction,existing_corrected_label,Uses a rhetorical question to express enthusiasm rather than requesting a response.
482,501492,501492,1319,"The discussion begins with this experience: political and literary the central subject examine power, language, class, empire, and the responsibilities of writing. That gives the moral questions a clear structure, while the treatment of memory could use more context. A few moments raised questions the book deliberately left open.",review,polished,Essays Journalism,existing_hard_negative,Expresses a reaction without advising another reader; added after a false recommendation prediction.
483,500746,500746,1220,"My quick take: dreams are analyzed as expressions of unconscious wishes and mental conflict. Useful explanation, a few large assumptions, and plenty to verify.",review,casual,Psychology,existing_hard_negative,Expresses a reaction without advising another reader; added after a false recommendation prediction.
484,600142,,1256,Evidence about pesticides reveals ecological damage and helped transform environmental debate. This belongs on the reading list of anyone exploring science and nature. The consequences remain more memorable than the easiest interpretation.,recommendation,polished,Science Nature,generated_recommendation_v2,Explicitly advises another reader using diversified recommendation wording.
485,500027,500027,1297,This was most persuasive when it stayed close to the experience that two unprepared friends hike sections of the Appalachian Trail and reflect on the landscape. The wider implications deserved more space.,review,polished,Travel Geography,existing_post,Evaluates the story or argument without advising readership or inviting a response.
486,600108,,1285,"History, philosophy, and lived experience are used to analyze women's social oppression. it got messy but like, the interesting kind of messy. easy rec for the politics and society crowd imo.",recommendation,slang,Politics Society,generated_recommendation_v2,Explicitly advises another reader using diversified recommendation wording.
487,500967,500967,1155,"I read this with my book club, and my opinion changed several times before I reached the end. The central situation—a clever spider writes messages to save a beloved pig from slaughter—worked because it gave the moral conflict real consequences instead of treating the conflict as background. The pacing made the stakes feel personal, although a few important changes needed more room to develop. The tension felt earned instead of manufactured. I appreciated that the people involved could be sympathetic and frustrating at the same time. A friend asked whether I liked it, and I realized I had spent five minutes explaining the central problem without answering. Was the ending meant to feel hopeful or just unresolved?",discussion,long,Children,existing_post,Asks a question or directly requests another reader's opinion.
488,501111,501111,1138,"I expected a fairly simple experience, but the specific setup kept giving me more to argue with. The central situation—a solicitor visiting an isolated house encounters a ghost linked to local tragedy—worked because it gave the character choices real consequences instead of treating the conflict as background. The moral conflict made the stakes feel personal, although a few important changes needed more room to develop. I wanted another chapter to develop the consequences. I would rather have this kind of messy conflict than a neat ending with nothing to discuss. I marked several pages because I partly agreed with the decision and partly wanted to argue with it. I still cannot decide whether the final choice was fair.",review,long,Horror Gothic,existing_post,Evaluates the story or argument without advising readership or inviting a response.
489,600009,,1183,"This would be my pick for someone seeking business and entrepreneurship that rewards a slower response. Entrepreneurs are encouraged to test assumptions quickly through experiments and customer feedback. The central situation develops into consequences that are difficult to reduce to one lesson. I had reservations, but those reservations made the experience more discussable rather than disposable.",recommendation,long,Business Entrepreneurship,generated_recommendation_v2,Explicitly advises another reader using diversified recommendation wording.
490,500751,500751,1056,The most effective scenes begin with the fact that forensic psychologist Alex Cross pursues a kidnapper seeking fame through an elaborate crime and then refuse to explain every emotion. I wanted another chapter to develop the consequences. I want another reader's opinion on who was actually responsible.,discussion,polished,Crime Detective,existing_post,Asks a question or directly requests another reader's opinion.
491,500399,500399,1116,"The most effective scenes begin with the fact that a poor student commits murder and struggles with guilt, pride, and the possibility of redemption and then refuse to explain every emotion. The ending helped, but it did not solve every problem. Did anyone else read that decision as fear rather than courage?",discussion,polished,World Classics,existing_post,Asks a question or directly requests another reader's opinion.
492,502090,502090,1344,"this describe how poetic reflections address love, work, freedom, sorrow, family, and other parts of human life and some part is hard to read but important",review,imperfect,Religion Spirituality,existing_hard_negative,Expresses a reaction without advising another reader; added after a false recommendation prediction.
493,501684,501684,1240,"I went in knowing only the basic premise, and the account of how the narrator recounts his childhood, anti-apartheid struggle, imprisonment, and political leadership gave the wider history a human scale. Whose perspective was missing from the account?",discussion,casual,Biography Memoir,existing_post,Asks a question or directly requests another reader's opinion.
494,500044,500044,1092,"maybe i miss something but if an English butler looks back on a life shaped by duty, repression, and misplaced loyalty why nobody make a better choice sooner",review,imperfect,Literary Fiction,existing_post,Evaluates the story or argument without advising readership or inviting a response.
495,501226,501226,1342,"I went in knowing only the basic premise, and the account of how conversations connect Buddhist practice with psychological questions about compassion and well-being gave the wider history a human scale. Whose perspective was missing from the account?",discussion,casual,Religion Spirituality,existing_post,Asks a question or directly requests another reader's opinion.
496,502593,502593,1012,dont know if i loved it but watching how a war orphan enters an elite military academy and discovers a terrifying shamanic power definately give me alot to think about,review,imperfect,Fantasy,existing_hard_negative,Expresses a reaction without advising another reader; added after a false recommendation prediction.
497,502536,502536,1345,"I read this with my book club, expecting a straightforward account, but I ended up pausing often to absorb the context. The central material—a series of talks presents a reasoned introduction to shared Christian beliefs and ethics—gave the cultural context a clear human focus. The narrative structure helped connect the individual experience with larger events, although one important transition needed more explanation. I wanted the story to challenge that choice more. I appreciated that the people involved were shown as complicated rather than symbolic. The context made familiar events feel less settled and much more connected to ordinary lives. I also appreciated the moments when the account resisted an easy lesson and allowed uncertainty to remain part of the record. Whose perspective was missing from the account?",discussion,long,Religion Spirituality,existing_post,Asks a question or directly requests another reader's opinion.
498,502735,502735,1336,"The book argues that ideas from computer science are applied to everyday choices involving search, scheduling, and uncertainty. That made sense, although the advice sometimes sounded too universal.",review,casual,Technology Future,existing_hard_negative,Expresses a reaction without advising another reader; added after a false recommendation prediction.
499,500654,500654,1135,"The premise that a beautiful young man remains unchanged while his portrait records his corruption creates an immediate source of tension. The strongest material comes from the quieter scenes, while the relationships feels slightly compressed. The strongest idea did not get enough space. Did anyone else read that decision as fear rather than courage?",discussion,polished,Horror Gothic,existing_post,Asks a question or directly requests another reader's opinion.
500,500017,500017,1236,"Belgian rule in the Congo is exposed through exploitation, resistance, and international activism. Powerful, but I wanted more context.",review,short,History,existing_post,Evaluates the story or argument without advising readership or inviting a response.
501,600026,,1072,"you can try this one, it explain the main idea good two afghan women form a powerful bond while surviving war and an abusive household. it stay in my mind after and that is why i suggest it",recommendation,imperfect,Contemporary Fiction,generated_recommendation_v2,Explicitly advises another reader using diversified recommendation wording.
502,600050,,1003,read this when you want something that stay in your mind an orphan discovers that he is a wizard and begins school in a hidden magical world. some part is messy but the consequence make it worth finish,recommendation,imperfect,Fantasy,generated_recommendation_v2,Explicitly advises another reader using diversified recommendation wording.
503,500800,500800,1339,"I finished this with a clearer sense of the events and more questions about how they are remembered. The central material—a warrior's conversation with Krishna explores duty, action, knowledge, and devotion—gave the personal perspective a clear human focus. The treatment of memory helped connect the individual experience with larger events, although one important transition needed more explanation. I kept returning to that part after finishing. I went back to an earlier section because later context changed how I understood it. The material stayed with me because it was specific enough to resist an easy conclusion. I also appreciated the moments when the account resisted an easy lesson and allowed uncertainty to remain part of the record. The historical context changed how I understood the personal choices.",review,long,Religion Spirituality,existing_post,Evaluates the story or argument without advising readership or inviting a response.
504,500196,500196,1206,"maybe i miss something but saying a practical system covers banking, saving, investing, and conscious spending go further then some of the evidence",review,imperfect,Finance Investing,existing_post,Evaluates the story or argument without advising readership or inviting a response.
505,600090,,1085,"A formerly enslaved woman and her family are haunted by a child lost under unbearable circumstances. if you want literary fiction, this is the move. still thinking about the choices, so clearly it did something right.",recommendation,slang,Literary Fiction,generated_recommendation_v2,Explicitly advises another reader using diversified recommendation wording.
506,503404,503404,1063,i really thought i could handle a story where the son of a U.S. president falls in love with a British prince under intense public scrutiny. absolutely not 🥲,review,slang,Romance,existing_hard_negative,Expresses a reaction without advising another reader; added after a false recommendation prediction.
507,600176,,1143,"you can try this one, it explain the main idea good a shy teenager writes letters while navigating friendship, trauma, and first experiences. it stay in my mind after and that is why i suggest it",recommendation,imperfect,Young Adult,generated_recommendation_v2,Explicitly advises another reader using diversified recommendation wording.
508,600044,,1312,"i tell my friend give this a chance because it got real ideas personal and cultural essays consider feminism, popular media, race, and contradiction. some part is messy but the consequence make it worth finish",recommendation,imperfect,Essays Journalism,generated_recommendation_v2,Explicitly advises another reader using diversified recommendation wording.
509,503114,503114,1195,"Core ideas from marketing, finance, operations, and decision-making are organized into an accessible overview. Useful idea, but I want more evidence.",review,short,Business Entrepreneurship,existing_hard_negative,Expresses a reaction without advising another reader; added after a false recommendation prediction.
510,500212,500212,1308,"I went in knowing only the basic premise, and the account of how long-term independent travel is presented as a deliberate way of using time and engaging with place gave the wider history a human scale. Whose perspective was missing from the account?",discussion,casual,Travel Geography,existing_post,Asks a question or directly requests another reader's opinion.
511,502454,502454,1195,"The main idea—core ideas from marketing, finance, operations, and decision-making are organized into an accessible overview—gave me a lot to reconsider.",review,short,Business Entrepreneurship,existing_hard_negative,Expresses a reaction without advising another reader; added after a false recommendation prediction.
512,500918,500918,1069,I went in knowing only the basic premise and immediately needed someone to discuss this with: a family saga follows a forbidden love across decades in the Australian outback. Why did nobody have an honest conversation sooner?,discussion,casual,Romance,existing_post,Asks a question or directly requests another reader's opinion.
513,600116,,1216,"you can try this one, it explain the main idea good research and stories challenge cultures that undervalue introversion and reflective work. it stay in my mind after and that is why i suggest it",recommendation,imperfect,Psychology,generated_recommendation_v2,Explicitly advises another reader using diversified recommendation wording.
514,501857,501857,1324,"bro i did not expect the idea that possible futures involving artificial intelligence are explored through technical, social, and ethical questions to make me pause like that 😩",review,slang,Technology Future,existing_hard_negative,Expresses a reaction without advising another reader; added after a false recommendation prediction.
515,500640,500640,1163,"okay so a girl travels through a magical land with companions seeking courage, heart, and wisdom and somehow i still thought this would be a chill read 🤯",review,slang,Children,existing_hard_negative,Expresses a reaction without advising another reader; added after a false recommendation prediction.
516,600006,,1244,"Angelou recalls childhood trauma, racism, family strength, and the discovery of her voice. I'd send this straight to the group chat tbh. the setup had me locked in and the consequences actually stayed with me.",recommendation,slang,Biography Memoir,generated_recommendation_v2,Explicitly advises another reader using diversified recommendation wording.
517,501496,501496,1211,"This took me longer than expected because I kept pausing to compare the argument with my own experience. The central explanation—decades of research explain how intuitive and deliberate thinking shape judgment and error—gave the main framework a clear direction. The real-world examples made the idea easier to understand, although the practical advice moved from observation to conclusion too quickly for me. The good moments carried a middle that dragged. I found myself agreeing with the diagnosis and questioning whether the proposed solution followed from it. I will probably revisit the clearest chapter, but I would pair it with a source that gives more attention to disagreement and limitations. The examples were useful, but do they apply outside the cases chosen?",discussion,long,Psychology,existing_post,Asks a question or directly requests another reader's opinion.
518,600145,,1259,"If you want some science and nature with real consequences, try this. A family's story is linked to cells taken without consent that became crucial to medical research. The consequences are what made the whole thing stick for me.",recommendation,casual,Science Nature,generated_recommendation_v2,Explicitly advises another reader using diversified recommendation wording.
519,501944,501944,1334,"The main idea—semiconductors are placed at the center of modern economics, technology, and geopolitical rivalry—gave me a lot to reconsider.",review,short,Technology Future,existing_hard_negative,Expresses a reaction without advising another reader; added after a false recommendation prediction.
520,500030,500030,1126,"dont know if i loved it but watching how the decline of a wealthy Chinese family unfolds through love, household life, and social change definately give me alot to think about",review,imperfect,World Classics,existing_post,Evaluates the story or argument without advising readership or inviting a response.
521,500007,500007,1016,"I read this with my book club, and the fact that a mathematician develops a science of history and tries to shorten an approaching galactic dark age was what finally pulled me in. It gave me more to think about than I expected. Would the conflict have happened without that one avoidable decision?",discussion,casual,Science Fiction,existing_post,Asks a question or directly requests another reader's opinion.
522,600106,,1283,"A philosophical dialogue investigates justice, education, leadership, and the ideal state. For a reader beginning with politics and society, this offers a strong entry point. Its central situation creates enough tension to support a serious conversation.",recommendation,polished,Politics Society,generated_recommendation_v2,Explicitly advises another reader using diversified recommendation wording.
523,500759,500759,1050,i really thought i could handle a story where a federal agent returns to his drought-stricken hometown and reopens questions about an apparent family murder. absolutely not 🙃,review,slang,Crime Detective,existing_hard_negative,Expresses a reaction without advising another reader; added after a false recommendation prediction.
524,502586,502586,1115,"A married aristocrat pursues love outside social rules while another couple seeks a quieter life. Yeah, I need somebody else's opinion.",discussion,short,World Classics,existing_post,Asks a question or directly requests another reader's opinion.
525,501642,501642,1085,"The premise that a formerly enslaved woman and her family are haunted by a child lost under unbearable circumstances creates an immediate source of tension. The strongest material comes from the character choices, while the final decision feels slightly compressed. Some parts landed and others felt too convenient. Did anyone else read that decision as fear rather than courage?",discussion,polished,Literary Fiction,existing_post,Asks a question or directly requests another reader's opinion.
526,600161,,1296,"Recommended for readers who enjoy travel and geography. A humorous journey across Australia mixes natural history, travel mishaps, and cultural observation.",recommendation,short,Travel Geography,generated_recommendation_v2,Explicitly advises another reader using diversified recommendation wording.
527,502369,502369,1287,"I read this during my commute, and the explanation that mass incarceration is argued to function as a modern system of racial control in the United States gave me a useful way to think about the subject. The practical advice sounds reasonable, although the limits matter.",review,casual,Politics Society,existing_hard_negative,Expresses a reaction without advising another reader; added after a false recommendation prediction.
528,600164,,1299,"i tell my friend give this a chance because it got real ideas young wanderers cross the united states in search of freedom, experience, and intensity. some part is messy but the consequence make it worth finish",recommendation,imperfect,Travel Geography,generated_recommendation_v2,Explicitly advises another reader using diversified recommendation wording.
529,501823,501823,1203,"I kept stopping to compare this idea with my own experience: individual investors are encouraged to research promising businesses they understand from everyday life. I wanted the story to challenge that choice more. The examples were useful, but do they apply outside the cases chosen?",discussion,casual,Finance Investing,existing_post,Asks a question or directly requests another reader's opinion.
530,503193,503193,1061,"The premise that a cheerful caregiver and a wealthy disabled man change each other's views of life and choice creates an immediate source of tension. The strongest material comes from the relationships, while the character choices feels slightly compressed. The idea worked much better than I expected. Did anyone else read that decision as fear rather than courage?",discussion,polished,Romance,existing_post,Asks a question or directly requests another reader's opinion.
531,502982,502982,1039,i really thought i could handle a story where a boy who treasures a forgotten novel investigates why someone is destroying the author's books. absolutely not 🫠,review,slang,Mystery Thriller,existing_hard_negative,Expresses a reaction without advising another reader; added after a false recommendation prediction.
532,503707,503707,1264,"I read most of it over the weekend, expecting a quick overview, but I ended up taking more notes than planned. The central explanation—short chapters introduce major ideas about matter, space, gravity, and cosmic history—gave the broader conclusion a clear direction. The real-world examples made the idea easier to understand, although the real-world examples moved from observation to conclusion too quickly for me. I understood the point, but the execution still felt uneven. Even where I disagreed, the language gave me a better way to identify the issue in ordinary life. The book was most persuasive when it stayed specific and least persuasive when it treated context as a minor detail. The examples were useful, but do they apply outside the cases chosen?",discussion,long,Science Nature,existing_post,Asks a question or directly requests another reader's opinion.
533,600037,,1047,Give this one a chance when you're in the mood for crime and detective fiction. Precious Ramotswe opens Botswana's first female-run detective agency and solves local problems. The setup gave me way more to think about than I expected.,recommendation,casual,Crime Detective,generated_recommendation_v2,Explicitly advises another reader using diversified recommendation wording.
534,600078,,1227,"American history is retold through workers, Indigenous peoples, women, and other marginalized groups. easy rec for the history crowd imo. it got messy but like, the interesting kind of messy.",recommendation,slang,History,generated_recommendation_v2,Explicitly advises another reader using diversified recommendation wording.
535,600128,,1060,not perfect but still i recommend it an elderly man reads the story of a young couple separated by class and circumstance. the main situation keep me interested and give lot to think about,recommendation,imperfect,Romance,generated_recommendation_v2,Explicitly advises another reader using diversified recommendation wording.
536,501594,501594,1148,"The premise that a young criminal mastermind assembles an unusual crew for an impossible heist creates an immediate source of tension. The strongest material comes from the quieter scenes, while the pacing feels slightly compressed. The emotional turn felt rushed to me. Did anyone else read that decision as fear rather than courage?",discussion,polished,Young Adult,existing_post,Asks a question or directly requests another reader's opinion.
537,600055,,1197,"If you want some finance and investing with real consequences, try this. Its lessons encourage readers to distinguish durable principles from emotion and short-term noise. The consequences are what made the whole thing stick for me.",recommendation,casual,Finance Investing,generated_recommendation_v2,Explicitly advises another reader using diversified recommendation wording.
538,501791,501791,1026,"Human survivors search for a home while an uplifted spider civilization develops on a distant planet. Yeah, I need somebody else's opinion.",discussion,short,Science Fiction,existing_post,Asks a question or directly requests another reader's opinion.
539,501672,501672,1113,dont know if i loved it but watching how an aging reader of chivalric tales becomes a wandering knight and mistakes imagination for reality definately give me alot to think about,review,imperfect,World Classics,existing_hard_negative,Expresses a reaction without advising another reader; added after a false recommendation prediction.
540,600124,,1343,"A young seeker leaves conventional paths and learns through asceticism, desire, loss, and contemplation. The premise gives the conflict a clear direction without settling every question. This is worth reading for its approach to religion and spirituality.",recommendation,polished,Religion Spirituality,generated_recommendation_v2,Explicitly advises another reader using diversified recommendation wording.
